ID,LIMIT_BAL,SEX,EDUCATION,MARRIAGE,AGE,target
15689,280000,M,bachelor,single,30,1
12704,50000,F,bachelor,single,22,1
22068,50000,F,master,single,26,1
1472,20000,M,bachelor,single,21,1
5739,20000,M,school graduate,single,23,1
18136,10000,M,school graduate,single,46,1
26353,300000,F,bachelor,single,30,1
21005,80000,M,bachelor,single,32,1
24039,70000,M,school graduate,single,27,1
11720,70000,F,master,single,29,1
25183,10000,F,bachelor,single,21,1
20372,20000,M,school graduate,single,23,1
9081,170000,F,master,single,32,1
17140,50000,F,school graduate,single,25,1
13740,40000,M,school graduate,single,43,1
18350,50000,F,school graduate,single,23,1
12569,200000,F,master,single,40,1
15856,150000,F,bachelor,single,25,1
16567,20000,M,bachelor,single,29,1
21459,130000,F,bachelor,single,29,1
26606,20000,M,bachelor,single,23,1
3695,80000,M,bachelor,single,27,1
29492,320000,M,master,single,31,1
27160,100000,M,school graduate,single,30,1
2924,130000,M,bachelor,single,26,1
25159,30000,F,bachelor,single,22,1
27964,50000,F,school graduate,single,28,1
25575,30000,F,master,single,36,1
7453,350000,F,master,single,32,1
27737,20000,F,master,single,22,1
28638,350000,F,master,single,44,1
6003,90000,F,bachelor,single,30,1
7481,110000,M,bachelor,single,28,1
15769,50000,F,school graduate,single,23,1
8667,230000,F,master,single,31,1
15773,30000,F,school graduate,single,24,1
3597,80000,M,bachelor,single,27,1
27193,250000,M,master,single,32,1
3400,50000,M,school graduate,single,22,1
21534,30000,F,school graduate,single,23,1
15155,30000,F,bachelor,single,21,1
10633,50000,M,master,single,26,1
27218,10000,M,school graduate,single,42,1
24760,220000,M,master,single,35,1
7651,200000,M,school graduate,single,36,1
26867,390000,M,master,single,37,1
753,50000,M,bachelor,single,26,1
5715,310000,F,master,single,27,1
3812,130000,M,bachelor,single,28,1
979,180000,M,bachelor,single,26,1
11031,20000,M,bachelor,single,24,1
25705,260000,F,master,single,29,1
25444,300000,F,master,single,28,1
7759,220000,M,master,single,32,1
10908,150000,M,master,single,30,1
7330,140000,F,master,single,24,1
26583,110000,M,bachelor,single,22,1
15180,90000,F,bachelor,single,28,1
6894,370000,F,bachelor,single,29,1
7529,240000,F,master,single,26,1
23187,360000,F,master,single,39,1
27959,20000,F,master,single,28,1
1269,120000,M,bachelor,single,37,1
18869,320000,F,bachelor,single,28,1
22773,200000,F,bachelor,single,29,1
26521,60000,F,bachelor,single,57,1
10707,30000,M,bachelor,single,24,1
16047,10000,F,bachelor,single,40,1
25630,70000,F,bachelor,single,30,1
17282,20000,F,school graduate,single,39,1
17053,70000,F,school graduate,single,25,1
29026,90000,F,master,single,28,1
28996,100000,F,bachelor,single,40,1
29211,20000,M,bachelor,single,22,1
25192,50000,F,master,single,23,1
4579,40000,F,bachelor,single,23,1
25454,140000,F,master,single,28,1
24685,50000,M,master,single,34,1
21428,110000,F,master,single,24,1
25388,240000,F,school graduate,single,28,1
11430,380000,M,master,single,33,1
5980,70000,F,master,single,24,1
19251,400000,F,bachelor,single,30,1
5754,330000,F,bachelor,single,30,1
18701,70000,F,master,single,25,1
12909,120000,M,school graduate,single,37,1
20978,30000,M,bachelor,single,44,1
16941,180000,M,master,single,51,1
10136,40000,F,master,single,24,1
432,390000,F,master,single,27,1
414,230000,F,bachelor,single,27,1
4770,100000,F,master,single,29,1
2558,200000,F,master,single,28,1
6985,20000,M,school graduate,single,43,1
116,30000,M,master,single,24,1
17204,50000,F,bachelor,single,29,1
1252,200000,F,master,single,29,1
25443,120000,F,master,single,28,1
4555,160000,M,master,single,48,1
11297,60000,F,bachelor,single,29,1
26588,70000,M,master,single,28,1
20164,50000,F,bachelor,single,42,1
14615,10000,M,school graduate,single,29,1
10757,50000,M,bachelor,single,22,1
20498,20000,M,bachelor,single,24,1
3805,30000,M,bachelor,single,25,1
23402,20000,F,bachelor,single,46,1
7847,30000,M,bachelor,single,24,1
16615,200000,M,bachelor,single,29,1
8007,80000,F,bachelor,single,27,1
1236,30000,M,bachelor,single,54,1
14435,10000,M,bachelor,single,32,1
673,100000,F,master,single,28,1
3590,70000,F,bachelor,single,26,1
16518,40000,M,bachelor,single,24,1
440,80000,F,master,single,23,1
6969,50000,M,bachelor,single,25,1
17897,40000,M,bachelor,single,27,1
29215,20000,M,master,single,24,1
22102,50000,F,school graduate,single,28,1
25378,230000,F,bachelor,single,30,1
7822,20000,M,bachelor,single,48,1
3414,150000,M,master,single,33,1
12031,50000,M,bachelor,single,37,1
18189,50000,M,bachelor,single,48,1
18386,30000,F,school graduate,single,23,1
25744,240000,F,master,single,31,1
22700,20000,F,master,single,46,1
20808,50000,M,bachelor,single,49,1
26890,130000,M,bachelor,single,33,1
26785,160000,M,bachelor,single,26,1
25036,10000,M,school graduate,single,61,1
18824,210000,F,bachelor,single,27,1
5180,200000,M,bachelor,single,27,1
27214,100000,M,master,single,27,1
13400,80000,F,school graduate,single,26,1
23875,90000,M,bachelor,single,27,1
14561,160000,M,master,single,31,1
16839,30000,M,bachelor,single,43,1
28230,400000,F,bachelor,single,35,1
26737,80000,M,bachelor,single,27,1
5317,50000,F,master,single,26,1
6510,50000,M,bachelor,single,25,1
14408,30000,F,master,single,23,1
17361,150000,F,bachelor,single,36,1
17907,60000,M,bachelor,single,28,1
21103,200000,M,bachelor,single,40,1
16872,30000,M,school graduate,single,31,1
28807,390000,F,master,single,41,1
995,290000,F,master,single,29,1
22120,430000,F,bachelor,single,29,1
14885,40000,M,master,single,25,1
16516,60000,M,bachelor,single,24,1
8930,10000,M,bachelor,single,29,1
16814,20000,M,master,single,38,1
3248,120000,F,bachelor,single,28,1
4078,50000,M,bachelor,single,29,1
29643,110000,M,master,single,29,1
5350,80000,F,master,single,23,1
12588,10000,M,bachelor,single,27,1
16542,50000,M,bachelor,single,27,1
1302,10000,F,school graduate,single,22,1
26686,60000,M,bachelor,single,25,1
21601,50000,F,bachelor,single,23,1
23967,20000,M,bachelor,single,25,1
6927,60000,F,bachelor,single,24,1
25467,360000,F,bachelor,single,28,1
16553,130000,M,bachelor,single,25,1
8668,10000,F,bachelor,single,44,1
28403,80000,F,master,single,27,1
22503,50000,F,bachelor,single,44,1
3885,20000,M,bachelor,single,24,1
19286,160000,F,bachelor,single,32,1
8369,50000,M,bachelor,single,27,1
21640,50000,F,master,single,24,1
1467,140000,F,master,single,23,1
12832,20000,M,bachelor,single,24,1
14504,50000,F,bachelor,single,23,1
20672,150000,M,bachelor,single,32,1
11985,470000,F,master,single,30,1
25319,140000,F,master,single,27,1
3299,230000,F,bachelor,single,26,1
10572,100000,F,school graduate,single,41,1
16789,30000,M,bachelor,single,37,1
23157,30000,F,school graduate,single,38,1
29248,70000,M,school graduate,single,25,1
17060,60000,F,bachelor,single,23,1
5382,50000,M,master,single,24,1
9708,150000,M,bachelor,single,49,1
21945,120000,F,bachelor,single,27,1
29909,140000,M,master,single,29,1
17517,90000,F,bachelor,single,32,1
7701,130000,M,master,single,33,1
5534,290000,M,master,single,35,1
18360,50000,F,bachelor,single,22,1
7375,180000,M,bachelor,single,38,1
27613,50000,F,bachelor,single,25,1
29237,20000,M,bachelor,single,23,1
17668,100000,F,bachelor,single,30,1
7251,160000,F,bachelor,single,23,1
16635,30000,M,bachelor,single,34,1
27684,30000,F,bachelor,single,22,1
6177,30000,M,school graduate,single,28,1
2364,220000,M,master,single,34,1
19233,30000,F,school graduate,single,42,1
9152,440000,M,master,single,33,1
14610,50000,M,bachelor,single,22,1
13514,240000,F,school graduate,single,36,1
15440,150000,M,bachelor,single,26,1
658,190000,F,master,single,28,1
18025,290000,M,master,single,31,1
16232,480000,F,bachelor,single,34,1
25839,210000,F,master,single,32,1
5631,40000,F,bachelor,single,25,1
18553,160000,F,master,single,27,1
7314,30000,F,bachelor,single,22,1
5954,120000,F,master,single,27,1
11642,20000,M,master,single,39,1
10477,180000,F,master,single,34,1
4689,20000,F,bachelor,single,30,1
1193,270000,F,bachelor,single,34,1
14447,80000,M,master,single,39,1
674,30000,M,bachelor,single,25,1
14162,50000,M,bachelor,single,25,1
18098,50000,M,master,single,49,1
4518,50000,M,master,single,38,1
15796,70000,F,bachelor,single,25,1
12376,140000,M,bachelor,single,44,1
24498,60000,M,master,single,36,1
13185,20000,M,bachelor,single,24,1
18375,30000,F,master,single,23,1
24371,240000,M,bachelor,single,46,1
24761,30000,M,bachelor,single,35,1
9973,300000,F,master,single,39,1
10685,230000,M,school graduate,single,30,1
12948,200000,M,bachelor,single,25,1
21961,50000,F,school graduate,single,28,1
13995,160000,F,master,single,36,1
11830,30000,F,school graduate,single,24,1
29414,100000,M,bachelor,single,30,1
29775,100000,M,bachelor,single,34,1
7753,120000,M,school graduate,single,44,1
6278,110000,F,master,single,32,1
18710,30000,F,bachelor,single,26,1
28074,120000,F,school graduate,single,26,1
4708,50000,F,bachelor,single,36,1
15682,30000,M,bachelor,single,25,1
5423,80000,M,bachelor,single,25,1
16739,320000,M,master,single,33,1
4144,30000,F,bachelor,single,24,1
13210,10000,M,bachelor,single,24,1
10317,20000,F,school graduate,single,23,1
27212,60000,M,school graduate,single,31,1
7444,170000,M,school graduate,single,26,1
9995,170000,M,bachelor,single,30,1
8041,70000,M,school graduate,single,32,1
27254,100000,M,school graduate,single,48,1
18961,200000,F,master,single,29,1
8472,30000,F,bachelor,single,22,1
8179,50000,M,bachelor,single,29,1
17864,30000,M,bachelor,single,26,1
22169,50000,F,bachelor,single,28,1
10233,50000,M,bachelor,single,25,1
24675,30000,M,bachelor,single,35,1
20497,140000,M,bachelor,single,26,1
26336,300000,F,master,single,32,1
3688,50000,F,bachelor,single,23,1
79,30000,F,bachelor,single,22,1
17908,50000,M,bachelor,single,32,1
23565,110000,F,bachelor,single,36,1
20368,20000,M,bachelor,single,23,1
5041,130000,F,master,single,29,1
24229,50000,M,master,single,30,1
24571,50000,M,master,single,31,1
24995,50000,M,bachelor,single,43,1
15455,20000,M,bachelor,single,23,1
28479,100000,F,bachelor,single,35,1
22164,110000,F,bachelor,single,29,1
7646,50000,F,bachelor,single,36,1
22267,400000,F,master,single,29,1
6918,300000,M,master,single,26,1
14801,110000,M,school graduate,single,36,1
1514,210000,F,school graduate,single,33,1
29353,90000,M,school graduate,single,28,1
26006,300000,F,master,single,30,1
16464,50000,F,bachelor,single,53,1
18928,300000,F,bachelor,single,28,1
24030,160000,M,master,single,26,1
27674,50000,F,master,single,24,1
7869,120000,F,bachelor,single,28,1
13197,20000,M,school graduate,single,52,1
6906,50000,M,bachelor,single,25,1
17837,110000,M,bachelor,single,24,1
25064,20000,M,school graduate,single,55,1
1005,150000,F,school graduate,single,30,1
18165,190000,M,bachelor,single,36,1
25279,80000,F,school graduate,single,27,1
1937,20000,F,master,single,24,1
17180,50000,F,master,single,28,1
24970,80000,M,bachelor,single,36,1
22766,180000,F,bachelor,single,36,1
14160,220000,F,master,single,36,1
3964,90000,F,bachelor,single,23,1
7561,70000,F,master,single,28,1
12195,40000,M,master,single,25,1
15213,360000,F,master,single,27,1
933,160000,F,bachelor,single,29,1
29437,140000,M,master,single,28,1
12801,10000,M,school graduate,single,36,1
11964,360000,F,master,single,56,1
23939,70000,M,bachelor,single,27,1
17921,50000,M,bachelor,single,25,1
8049,70000,M,bachelor,single,41,1
2129,50000,F,school graduate,single,52,1
22863,150000,F,master,single,31,1
16626,50000,M,master,single,32,1
22258,60000,F,master,single,29,1
9459,100000,M,bachelor,single,29,1
18421,40000,F,bachelor,single,24,1
18774,50000,F,bachelor,single,27,1
24625,30000,M,master,single,31,1
19585,310000,F,master,single,35,1
23620,150000,F,master,single,34,1
18719,70000,F,bachelor,single,26,1
9218,180000,F,bachelor,single,23,1
26627,50000,M,bachelor,single,23,1
1848,30000,M,bachelor,single,26,1
9666,360000,F,master,single,27,1
1774,50000,M,bachelor,single,25,1
47,20000,F,master,single,22,1
26072,230000,F,master,single,33,1
29521,50000,M,school graduate,single,34,1
18445,20000,F,master,single,26,1
29346,20000,M,bachelor,single,27,1
8708,100000,F,bachelor,single,29,1
9149,10000,F,bachelor,single,46,1
16680,140000,M,bachelor,single,32,1
19443,360000,F,bachelor,single,37,1
8308,130000,M,bachelor,single,27,1
9799,20000,F,master,single,23,1
6854,290000,M,school graduate,single,34,1
26467,210000,F,bachelor,single,49,1
11225,50000,M,school graduate,single,46,1
23053,120000,F,master,single,27,1
16308,30000,F,bachelor,single,33,1
13926,240000,F,master,single,26,1
16520,420000,M,bachelor,single,26,1
29168,80000,F,master,single,54,1
23954,20000,M,master,single,24,1
17911,100000,M,bachelor,single,28,1
15321,170000,F,bachelor,single,38,1
16129,200000,F,bachelor,single,32,1
29301,200000,M,bachelor,single,25,1
5042,310000,M,master,single,28,1
15876,100000,F,master,single,22,1
26586,200000,M,master,single,27,1
9733,20000,M,master,single,24,1
9569,20000,M,bachelor,single,25,1
12417,60000,M,bachelor,single,27,1
10447,10000,F,bachelor,single,24,1
27264,470000,M,school graduate,single,37,1
5818,140000,F,master,single,25,1
3840,50000,M,school graduate,single,28,1
2428,50000,M,master,single,33,1
10083,290000,M,bachelor,single,29,0
21441,160000,F,master,single,29,0
22127,270000,F,bachelor,single,29,0
23877,160000,M,master,single,29,0
10424,390000,F,master,single,29,0
5882,400000,F,master,single,32,0
22035,160000,F,master,single,28,0
20552,50000,M,school graduate,single,28,0
18759,230000,F,bachelor,single,30,0
24962,80000,M,bachelor,single,35,0
24895,500000,M,master,single,40,0
25614,290000,F,master,single,29,0
14425,210000,M,master,single,27,0
15396,140000,F,school graduate,single,53,0
5358,270000,F,master,single,27,0
24605,70000,M,bachelor,single,29,0
18718,200000,F,master,single,26,0
7391,380000,F,master,single,44,0
15507,90000,M,bachelor,single,33,0
22762,180000,F,bachelor,single,35,0
19777,180000,F,master,single,36,0
16816,40000,M,bachelor,single,33,0
6221,60000,F,master,single,27,0
13356,130000,M,bachelor,single,27,0
3878,50000,F,bachelor,single,23,0
14661,20000,M,bachelor,single,25,0
9389,50000,M,other,single,33,0
17055,50000,F,bachelor,single,22,0
29429,50000,M,bachelor,single,26,0
7337,50000,M,bachelor,single,25,0
12994,290000,F,master,single,30,0
7699,110000,F,school graduate,single,31,0
8414,180000,F,master,single,29,0
23099,220000,F,bachelor,single,47,0
29424,310000,M,master,single,30,0
22372,150000,F,bachelor,single,29,0
18654,90000,F,master,single,29,0
1740,20000,M,bachelor,single,25,0
20400,20000,M,bachelor,single,24,0
20263,50000,F,bachelor,single,51,0
27611,410000,F,master,single,28,0
8906,50000,M,bachelor,single,25,0
7252,20000,M,bachelor,single,39,0
20402,50000,M,bachelor,single,23,0
27167,10000,M,school graduate,single,44,0
23956,50000,M,bachelor,single,24,0
18090,150000,M,bachelor,single,32,0
243,50000,F,bachelor,single,27,0
3118,110000,F,master,single,27,0
22565,360000,F,master,single,31,0
5849,110000,M,master,single,30,0
28936,460000,F,master,single,34,0
28093,130000,F,school graduate,single,46,0
10475,60000,F,master,single,31,0
4287,30000,F,school graduate,single,22,0
13437,260000,M,bachelor,single,30,0
13582,110000,F,master,single,29,0
29649,320000,M,master,single,34,0
5872,270000,F,master,single,27,0
5896,180000,F,master,single,27,0
14700,360000,F,bachelor,single,28,0
24180,360000,M,master,single,30,0
198,20000,F,master,single,22,0
12685,170000,F,master,single,30,0
28329,240000,F,master,single,31,0
10536,80000,F,bachelor,single,27,0
17030,50000,F,bachelor,single,24,0
26676,50000,M,bachelor,single,24,0
16607,80000,M,master,single,32,0
6857,360000,F,master,single,29,0
25976,300000,F,bachelor,single,34,0
8246,200000,F,master,single,34,0
13417,500000,F,bachelor,single,33,0
1215,360000,M,master,single,43,0
18871,50000,F,bachelor,single,27,0
13909,180000,F,master,single,28,0
9847,200000,F,master,single,27,0
24260,80000,M,master,single,29,0
2985,180000,F,bachelor,single,43,0
18343,20000,F,bachelor,single,21,0
13646,230000,M,bachelor,single,32,0
1605,250000,F,bachelor,single,26,0
21753,50000,F,master,single,24,0
10526,20000,M,bachelor,single,24,0
9277,450000,M,master,single,31,0
10884,160000,F,master,single,30,0
26733,310000,M,bachelor,single,27,0
21505,80000,F,master,single,29,0
4713,60000,M,bachelor,single,24,0
11984,100000,M,master,single,31,0
15902,110000,F,bachelor,single,26,0
6457,450000,F,master,single,32,0
20146,420000,F,bachelor,single,49,0
29228,50000,M,bachelor,single,24,0
13002,60000,F,master,single,26,0
4532,120000,F,bachelor,single,25,0
16190,190000,F,school graduate,single,37,0
29104,60000,F,bachelor,single,51,0
26891,320000,M,bachelor,single,32,0
10609,30000,M,school graduate,single,27,0
4429,500000,F,master,single,41,0
29832,120000,M,bachelor,single,30,0
10527,260000,F,bachelor,single,40,0
4653,210000,M,master,single,30,0
16073,50000,F,school graduate,single,40,0
20772,20000,M,bachelor,single,44,0
3331,50000,M,bachelor,single,29,0
3070,30000,M,school graduate,single,38,0
27470,100000,M,NaN,single,51,0
26951,150000,M,master,single,31,0
550,120000,M,master,single,27,0
27864,60000,F,master,single,27,0
2613,230000,F,bachelor,single,25,0
22936,290000,F,bachelor,single,30,0
8739,80000,M,bachelor,single,26,0
1858,280000,M,bachelor,single,30,0
26422,120000,F,bachelor,single,37,0
27236,100000,M,master,single,31,0
4943,270000,F,master,single,31,0
14926,330000,F,bachelor,single,33,0
756,230000,M,bachelor,single,58,0
29225,20000,M,bachelor,single,24,0
6064,320000,F,master,single,33,0
14359,210000,F,bachelor,single,27,0
8781,100000,M,master,single,30,0
1136,60000,F,bachelor,single,31,0
22256,170000,F,master,single,29,0
18037,160000,M,school graduate,single,31,0
18989,100000,F,master,single,30,0
16541,30000,M,bachelor,single,27,0
2130,340000,F,master,single,26,0
16118,110000,F,school graduate,single,33,0
2654,310000,F,master,single,35,0
7345,100000,F,school graduate,single,50,0
2867,80000,F,master,single,26,0
2744,200000,F,master,single,27,0
4269,360000,M,master,single,29,0
25323,270000,F,master,single,28,0
6812,420000,F,bachelor,single,36,0
4799,480000,M,master,single,49,0
8245,260000,M,bachelor,single,27,0
19448,80000,F,master,single,28,0
12238,50000,M,master,single,30,0
13643,230000,F,bachelor,single,40,0
6568,50000,F,master,single,25,0
22605,440000,F,bachelor,single,42,0
17338,430000,F,school graduate,single,30,0
12838,150000,F,bachelor,single,23,0
1178,170000,F,bachelor,single,27,0
25479,180000,F,master,single,28,0
19021,240000,F,master,single,28,0
8407,230000,F,master,single,29,0
19986,260000,F,master,single,33,0
19217,50000,F,bachelor,single,38,0
20556,60000,M,master,single,28,0
29398,70000,M,master,single,28,0
11797,290000,M,bachelor,married,44,1
21120,160000,M,master,married,40,1
5086,50000,M,bachelor,married,43,1
10070,130000,F,bachelor,married,36,1
8832,50000,M,bachelor,married,37,1
12235,110000,M,bachelor,married,30,1
18635,50000,F,bachelor,married,27,1
24484,160000,M,master,married,41,1
9614,120000,M,master,married,34,1
12563,270000,F,school graduate,married,37,1
14873,30000,M,master,married,40,1
24393,80000,M,NaN,married,41,1
21204,490000,M,master,married,43,1
9094,50000,F,bachelor,married,30,1
11728,130000,F,school graduate,married,26,1
29727,60000,M,bachelor,married,36,1
9858,70000,M,school graduate,married,50,1
15546,270000,M,master,married,37,1
12958,100000,M,bachelor,married,33,1
28287,30000,F,bachelor,married,32,1
3403,710000,F,bachelor,married,40,1
14888,280000,F,master,married,38,1
6161,370000,M,master,married,40,1
29921,50000,M,other,married,45,1
1626,20000,M,school graduate,married,63,1
16943,30000,M,master,married,57,1
9324,500000,M,bachelor,married,39,1
7966,130000,M,bachelor,married,27,1
16470,30000,F,school graduate,married,53,1
27155,20000,M,bachelor,married,43,1
22831,50000,F,bachelor,married,37,1
20915,50000,M,bachelor,married,32,1
27540,50000,M,school graduate,married,52,1
5249,30000,F,bachelor,married,28,1
27376,360000,M,bachelor,married,35,1
28243,30000,F,bachelor,married,44,1
1264,150000,F,school graduate,married,43,1
3638,20000,M,bachelor,married,34,1
371,180000,M,bachelor,married,36,1
21196,20000,M,bachelor,married,38,1
17545,20000,F,bachelor,married,35,1
1109,80000,M,bachelor,married,54,1
27544,50000,M,school graduate,married,55,1
124,310000,F,bachelor,married,35,1
3759,80000,M,school graduate,married,27,1
17044,50000,F,bachelor,married,26,1
22728,280000,F,elementary education,married,44,1
18230,50000,M,bachelor,married,54,1
20727,60000,M,bachelor,married,41,1
25609,360000,F,master,married,41,1
6030,180000,F,school graduate,married,42,1
21951,50000,F,school graduate,married,28,1
5675,100000,F,bachelor,married,41,1
9469,200000,F,master,married,47,1
1131,230000,F,bachelor,married,34,1
16209,360000,F,master,married,35,1
10217,80000,F,school graduate,married,46,1
20754,20000,M,school graduate,married,40,1
24200,220000,M,school graduate,married,30,1
139,50000,F,school graduate,married,51,1
24766,50000,M,bachelor,married,44,1
10248,120000,F,bachelor,married,35,1
16652,30000,M,master,married,42,1
23344,170000,F,bachelor,married,31,1
19623,80000,F,master,married,37,1
5372,10000,M,school graduate,married,40,1
11908,130000,F,school graduate,married,43,1
8868,150000,F,master,married,30,1
24298,30000,M,bachelor,married,40,1
3491,80000,M,master,married,45,1
27102,300000,M,bachelor,married,45,1
21834,100000,F,bachelor,married,27,1
10794,210000,M,bachelor,married,30,1
11831,60000,M,bachelor,married,35,1
12054,50000,M,school graduate,married,55,1
14974,30000,M,school graduate,married,55,1
10601,180000,F,school graduate,married,51,1
26128,200000,F,school graduate,married,44,1
4069,50000,M,bachelor,married,43,1
16134,60000,F,bachelor,married,41,1
14977,30000,F,school graduate,married,58,1
13388,280000,M,school graduate,married,37,1
1209,230000,F,bachelor,married,51,1
17394,100000,F,school graduate,married,46,1
17375,50000,F,school graduate,married,46,1
16227,80000,F,bachelor,married,34,1
25818,530000,F,bachelor,married,44,1
13636,20000,M,school graduate,married,36,1
14050,100000,F,master,married,45,1
2248,280000,M,bachelor,married,36,1
18382,30000,F,bachelor,married,28,1
600,300000,F,bachelor,married,36,1
25044,150000,M,bachelor,married,52,1
19184,160000,F,bachelor,married,40,1
18607,50000,F,master,married,24,1
27474,150000,M,bachelor,married,51,1
29839,190000,M,bachelor,married,43,1
5112,180000,F,master,married,30,1
13992,230000,M,master,married,46,1
13371,500000,M,master,married,35,1
7409,30000,F,school graduate,married,41,1
27390,120000,M,master,married,41,1
4379,180000,F,bachelor,married,34,1
13942,50000,M,school graduate,married,49,1
27534,450000,M,bachelor,married,55,1
8568,80000,F,bachelor,married,47,1
22375,30000,F,school graduate,married,29,1
12491,50000,F,bachelor,married,34,1
2590,210000,F,bachelor,married,35,1
22628,180000,F,master,married,37,1
3540,30000,M,school graduate,married,45,1
19634,500000,F,school graduate,married,44,1
16718,30000,M,bachelor,married,36,1
18442,200000,F,bachelor,married,25,1
672,20000,M,bachelor,married,34,1
18282,30000,M,school graduate,married,54,1
10348,200000,M,school graduate,married,36,1
8320,50000,M,bachelor,married,42,1
6830,180000,M,bachelor,married,53,1
9812,90000,M,school graduate,married,49,1
8563,10000,F,bachelor,married,32,1
26405,120000,F,bachelor,married,46,1
11545,300000,F,bachelor,married,34,1
24333,50000,M,bachelor,married,49,1
8362,20000,M,bachelor,married,32,1
27385,160000,M,bachelor,married,35,1
2144,20000,M,school graduate,married,41,1
1957,220000,F,master,married,42,1
1087,410000,F,bachelor,married,41,1
9222,220000,M,master,married,42,1
27237,90000,M,bachelor,married,39,1
24459,20000,M,bachelor,married,46,1
20687,200000,M,bachelor,married,40,1
21118,360000,M,master,married,44,1
260,220000,M,master,married,48,1
25605,50000,F,school graduate,married,39,1
26219,80000,F,bachelor,married,37,1
1827,260000,F,bachelor,married,35,1
8870,240000,M,master,married,44,1
13050,50000,F,school graduate,married,33,1
14175,250000,M,bachelor,married,52,1
7183,60000,F,bachelor,married,30,1
6013,360000,F,school graduate,married,47,1
971,300000,M,master,married,42,1
16650,50000,M,school graduate,married,46,1
10629,260000,F,master,married,52,1
29055,80000,F,bachelor,married,51,1
14809,170000,M,master,married,35,1
22667,220000,F,school graduate,married,43,1
10440,330000,F,bachelor,married,27,1
25137,180000,M,master,married,75,1
2489,110000,F,bachelor,married,33,1
24698,90000,M,master,married,38,1
6045,500000,M,master,married,55,1
8470,180000,F,bachelor,married,37,1
23782,20000,F,school graduate,married,50,1
25144,30000,M,school graduate,married,56,1
2656,260000,F,master,married,35,1
5771,180000,M,bachelor,married,38,1
10542,50000,F,bachelor,married,27,1
24665,90000,M,bachelor,married,37,1
24342,200000,M,bachelor,married,38,1
28001,30000,F,bachelor,married,29,1
6154,460000,M,master,married,41,1
16840,230000,M,master,married,37,1
24913,110000,M,master,married,33,1
16099,70000,F,bachelor,married,46,1
23385,50000,F,bachelor,married,44,1
25374,80000,F,bachelor,married,27,1
25620,20000,F,bachelor,married,42,1
29975,50000,M,bachelor,married,37,1
4048,220000,F,master,married,60,1
26084,210000,F,bachelor,married,44,1
16306,50000,F,bachelor,married,33,1
13424,50000,F,bachelor,married,53,1
25090,280000,M,master,married,60,1
1250,350000,F,master,married,52,1
23418,140000,F,master,married,40,1
6752,30000,M,master,married,32,1
23711,100000,F,bachelor,married,55,1
1065,30000,F,school graduate,married,55,1
22598,500000,F,bachelor,married,45,1
20996,50000,M,bachelor,married,49,1
20974,50000,M,school graduate,married,45,1
25721,280000,F,bachelor,married,44,1
8607,70000,M,bachelor,married,34,1
27058,100000,M,master,married,38,1
2026,20000,F,bachelor,married,42,1
10103,30000,F,bachelor,married,42,1
11306,50000,M,bachelor,married,31,1
9935,50000,F,bachelor,married,25,1
29486,180000,M,master,married,32,1
22495,70000,F,school graduate,married,49,1
18114,240000,M,master,married,36,1
25831,60000,F,bachelor,married,32,1
26514,280000,F,master,married,63,1
19920,350000,F,master,married,44,1
25468,110000,F,master,married,33,1
24601,110000,M,bachelor,married,38,1
25382,130000,F,bachelor,married,26,1
27588,100000,M,school graduate,married,56,1
19105,30000,F,bachelor,married,39,1
25098,50000,M,school graduate,married,55,1
12297,420000,M,master,married,32,1
19821,200000,F,bachelor,married,46,1
17007,20000,F,school graduate,married,24,1
12160,20000,M,bachelor,married,38,1
4982,240000,M,school graduate,married,43,1
17986,230000,M,master,married,33,1
20147,50000,F,bachelor,married,42,1
1778,40000,M,school graduate,married,43,1
28167,30000,F,master,married,32,1
10623,200000,M,bachelor,married,51,1
26169,30000,F,master,married,47,1
12170,120000,F,school graduate,married,58,1
23333,260000,F,master,married,38,1
14937,80000,F,bachelor,married,41,1
895,240000,F,bachelor,married,37,1
14989,70000,F,master,married,42,1
1432,70000,F,bachelor,married,42,1
18187,300000,M,bachelor,married,35,1
16392,180000,F,bachelor,married,34,1
17825,50000,M,bachelor,married,25,1
16971,30000,M,school graduate,married,54,1
27112,70000,M,school graduate,married,46,1
1882,150000,F,bachelor,married,34,1
18455,50000,F,school graduate,married,26,1
5405,130000,F,school graduate,married,36,1
16476,20000,F,school graduate,married,56,1
2672,320000,F,master,married,38,1
29018,180000,F,master,married,40,1
10971,60000,M,bachelor,married,37,1
25484,100000,F,bachelor,married,28,1
12732,130000,F,master,married,36,1
16105,60000,F,school graduate,married,48,1
12504,200000,F,master,married,46,1
27050,200000,M,bachelor,married,35,1
18773,60000,F,bachelor,married,27,1
26897,10000,M,school graduate,married,35,1
2018,200000,M,bachelor,married,42,1
8564,20000,M,school graduate,married,52,1
7397,200000,F,bachelor,married,37,1
25081,30000,M,master,married,52,1
12494,30000,M,bachelor,married,33,1
2168,400000,M,bachelor,married,49,1
11560,240000,F,bachelor,married,28,1
13664,200000,M,master,married,37,1
3078,240000,M,bachelor,married,48,1
16377,30000,F,bachelor,married,48,1
27523,200000,M,school graduate,married,54,1
1723,90000,M,bachelor,married,44,1
9675,180000,M,master,married,31,1
16923,30000,M,bachelor,married,49,1
8266,140000,M,bachelor,married,46,1
28266,160000,F,master,married,38,1
16089,290000,F,bachelor,married,33,1
14892,50000,F,bachelor,married,29,1
23792,70000,F,bachelor,married,62,1
22153,280000,F,bachelor,married,30,1
13865,20000,M,school graduate,married,44,1
23149,100000,F,bachelor,married,41,1
20095,80000,F,bachelor,married,33,1
6157,20000,M,bachelor,married,42,1
26421,180000,F,bachelor,married,40,1
2824,30000,F,school graduate,married,57,1
12668,210000,F,master,married,37,1
25541,150000,F,school graduate,married,45,1
29898,120000,M,school graduate,married,47,1
4230,30000,F,bachelor,married,49,1
18952,40000,F,school graduate,married,23,1
15271,230000,F,bachelor,married,42,1
6801,20000,M,school graduate,married,50,1
2298,500000,M,master,married,37,1
22492,50000,F,bachelor,married,35,1
23050,200000,F,master,married,41,1
20100,80000,F,bachelor,married,42,1
19298,300000,F,school graduate,married,40,1
6374,100000,M,master,married,52,1
12189,100000,M,bachelor,married,30,1
10212,160000,F,bachelor,married,34,1
19596,430000,F,bachelor,married,42,1
11517,100000,M,bachelor,married,35,1
2608,490000,M,school graduate,married,51,1
8717,150000,M,bachelor,married,36,1
840,500000,M,master,married,43,1
12540,250000,F,school graduate,married,49,1
2779,260000,F,bachelor,married,39,1
10128,280000,F,master,married,36,1
21263,40000,M,school graduate,married,56,1
495,80000,F,master,married,28,1
29846,10000,M,bachelor,married,37,1
1786,220000,M,bachelor,married,60,1
27054,30000,M,school graduate,married,28,1
28974,100000,F,bachelor,married,35,1
17912,20000,M,bachelor,married,38,1
1244,100000,F,school graduate,married,50,1
15498,150000,M,bachelor,married,34,1
7722,360000,F,master,married,33,1
15476,50000,M,school graduate,married,46,1
15584,20000,M,school graduate,married,52,1
8363,50000,F,school graduate,married,52,1
21166,260000,M,master,married,38,1
19660,50000,F,bachelor,married,33,1
27590,140000,M,master,married,55,1
16962,280000,M,school graduate,married,52,1
29116,20000,F,bachelor,married,59,1
21819,290000,F,bachelor,married,26,1
19347,20000,F,school graduate,married,31,1
20288,200000,F,bachelor,married,50,1
25070,130000,M,bachelor,married,48,1
19083,70000,F,school graduate,married,32,1
12645,70000,F,bachelor,married,33,1
25851,300000,F,school graduate,married,32,1
19318,50000,F,school graduate,married,44,1
14837,280000,F,master,married,46,1
21108,30000,M,bachelor,married,39,1
22787,100000,F,school graduate,married,40,1
7947,20000,F,bachelor,married,50,1
29612,50000,M,bachelor,married,33,1
16501,50000,M,bachelor,married,24,1
8440,130000,F,master,married,46,1
12963,20000,F,bachelor,married,28,1
5562,50000,M,bachelor,married,33,1
7051,210000,F,school graduate,married,55,1
27361,200000,M,bachelor,married,38,0
7621,200000,M,bachelor,married,39,0
11015,110000,M,master,married,48,0
1198,130000,M,bachelor,married,44,0
5927,60000,F,school graduate,married,41,0
5125,150000,F,master,married,40,0
21125,230000,M,bachelor,married,36,0
2305,80000,M,bachelor,married,26,0
8376,200000,F,school graduate,married,36,0
9157,180000,F,bachelor,married,39,0
12831,350000,F,bachelor,married,38,0
7198,100000,F,school graduate,married,39,0
22676,460000,F,master,married,32,0
21776,90000,F,bachelor,married,24,0
3121,110000,M,bachelor,married,36,0
6250,40000,M,bachelor,married,36,0
25825,170000,F,master,married,31,0
18290,500000,M,master,married,69,0
23531,500000,F,bachelor,married,37,0
11022,200000,M,bachelor,married,38,0
21897,180000,F,bachelor,married,27,0
22860,300000,F,bachelor,married,33,0
27154,360000,M,bachelor,married,37,0
24375,30000,M,bachelor,married,38,0
18176,50000,M,bachelor,married,35,0
19506,210000,F,bachelor,married,29,0
3666,100000,F,bachelor,married,28,0
12142,240000,M,bachelor,married,50,0
12161,30000,F,bachelor,married,34,0
17436,380000,F,master,married,44,0
923,110000,M,master,married,40,0
7678,20000,F,school graduate,married,23,0
11308,260000,M,bachelor,married,38,0
11546,110000,M,bachelor,married,32,0
24358,320000,M,master,married,40,0
4891,360000,F,bachelor,married,33,0
3354,100000,M,master,married,33,0
27101,300000,M,school graduate,married,44,0
25860,20000,F,bachelor,married,44,0
26546,200000,F,bachelor,married,50,0
22607,30000,F,master,married,38,0
1108,120000,F,bachelor,married,47,0
21893,180000,F,bachelor,married,27,0
25065,480000,M,master,married,50,0
7891,440000,M,master,married,31,0
28200,500000,F,master,married,40,0
19419,80000,F,master,married,36,0
3612,500000,F,bachelor,married,41,0
14257,380000,F,master,married,42,0
3583,250000,F,bachelor,married,32,0
20591,200000,M,bachelor,married,29,0
15795,20000,F,school graduate,married,24,0
26491,60000,F,bachelor,married,52,0
7277,20000,F,school graduate,married,28,0
17796,470000,F,bachelor,married,54,0
12885,240000,F,master,married,41,0
6512,200000,F,bachelor,married,61,0
15406,130000,F,school graduate,married,49,0
28394,160000,F,bachelor,married,37,0
28382,150000,F,school graduate,married,34,0
24332,290000,M,bachelor,married,49,0
12288,200000,M,master,married,40,0
29131,500000,F,master,married,52,0
9203,260000,F,master,married,38,0
22701,500000,F,bachelor,married,41,0
3676,10000,F,bachelor,married,25,0
27407,50000,M,school graduate,married,47,0
13651,260000,M,bachelor,married,53,0
26928,140000,M,bachelor,married,37,0
28492,40000,F,school graduate,married,36,0
4645,90000,F,bachelor,married,47,0
20660,330000,M,bachelor,married,32,0
16414,30000,F,bachelor,married,38,0
19017,190000,F,bachelor,married,36,0
29493,310000,M,bachelor,married,31,0
28259,230000,F,bachelor,married,48,0
8203,130000,F,bachelor,married,44,0
10533,90000,M,master,married,29,0
24780,110000,M,bachelor,married,35,0
5607,20000,F,school graduate,married,43,0
17692,150000,F,master,married,43,0
26510,500000,F,school graduate,married,53,0
19289,100000,F,bachelor,married,36,0
11288,360000,M,bachelor,married,32,0
14413,230000,F,bachelor,married,31,0
23898,50000,M,bachelor,married,26,0
1050,100000,M,bachelor,married,49,0
19925,320000,F,bachelor,married,34,0
26381,210000,F,bachelor,married,41,0
24524,360000,M,school graduate,married,35,0
22858,490000,F,bachelor,married,31,0
13079,200000,F,master,married,58,0
10302,120000,F,bachelor,married,39,0
4908,40000,F,bachelor,married,43,0
17554,230000,F,bachelor,married,46,0
17479,240000,F,master,married,35,0
1238,60000,M,master,married,33,0
5645,500000,M,master,married,42,0
6574,130000,F,bachelor,married,33,0
25456,90000,F,bachelor,married,27,0
5938,200000,F,bachelor,married,36,0
19963,260000,F,master,married,42,0
20508,160000,M,other,married,28,0
12870,500000,M,bachelor,married,35,0
23435,350000,F,master,married,36,0
21336,50000,M,bachelor,married,53,0
5783,360000,F,master,married,31,0
10001,260000,F,master,married,40,0
29935,360000,M,bachelor,married,45,0
21404,70000,F,bachelor,married,37,0
3324,50000,F,school graduate,married,42,0
14241,500000,M,master,married,45,0
28641,150000,F,bachelor,married,32,0
25082,270000,M,master,married,54,0
22958,50000,F,school graduate,married,48,0
20344,20000,F,bachelor,married,58,0
19814,20000,F,school graduate,married,41,0
18380,70000,F,other,married,23,0
23130,70000,F,school graduate,married,40,0
10520,170000,F,bachelor,married,29,0
8103,360000,M,master,married,48,0
18945,200000,F,master,married,30,0
24689,500000,M,school graduate,married,46,0
5552,20000,M,bachelor,married,40,0
9209,20000,F,bachelor,married,41,0
12533,50000,F,bachelor,married,29,0
17314,80000,F,bachelor,married,29,0
23197,140000,F,school graduate,married,39,0
13686,500000,F,bachelor,married,66,0
24826,460000,M,elementary education,married,35,0
23019,190000,F,elementary education,married,34,0
4848,50000,M,school graduate,married,54,0
2854,390000,F,bachelor,married,24,0
23729,220000,F,master,married,51,0
19830,30000,F,school graduate,married,48,0
4985,270000,F,master,married,31,0
952,80000,F,bachelor,married,32,0
23273,130000,F,bachelor,married,49,0
20450,120000,M,school graduate,refuse to answer,26,0
20120,200000,F,school graduate,refuse to answer,45,0
24444,300000,M,master,refuse to answer,37,0
7956,50000,F,school graduate,refuse to answer,27,0
5346,50000,F,bachelor,refuse to answer,28,0
25309,170000,F,bachelor,refuse to answer,24,0
11926,140000,M,school graduate,refuse to answer,47,0
25703,200000,F,school graduate,refuse to answer,45,0
12051,80000,F,school graduate,refuse to answer,37,0
18307,230000,F,school graduate,refuse to answer,30,0
16582,20000,M,school graduate,refuse to answer,29,0
28603,200000,F,school graduate,refuse to answer,37,0
2555,220000,F,master,refuse to answer,33,0
23136,20000,F,school graduate,refuse to answer,35,0
7941,50000,M,school graduate,refuse to answer,50,0
28458,180000,F,school graduate,refuse to answer,36,0
3057,200000,M,school graduate,refuse to answer,36,0
17530,80000,F,school graduate,refuse to answer,41,0
2147,150000,F,school graduate,refuse to answer,55,0
24722,360000,M,bachelor,refuse to answer,38,0
12733,70000,F,school graduate,refuse to answer,34,0
810,160000,F,bachelor,refuse to answer,37,0
18536,250000,F,school graduate,refuse to answer,26,0
219,110000,F,school graduate,refuse to answer,31,0
23104,90000,F,school graduate,refuse to answer,42,1
8887,70000,M,school graduate,refuse to answer,26,1
24985,50000,M,school graduate,refuse to answer,39,0
26251,210000,F,master,refuse to answer,31,0
5006,90000,F,school graduate,refuse to answer,24,0
22591,160000,F,bachelor,refuse to answer,41,1
28767,80000,F,school graduate,refuse to answer,40,0
821,200000,F,school graduate,refuse to answer,51,0
23361,240000,F,school graduate,refuse to answer,37,0
11753,290000,F,bachelor,refuse to answer,49,0
17286,120000,F,school graduate,refuse to answer,47,0
29112,300000,F,school graduate,refuse to answer,53,0
10209,50000,F,master,refuse to answer,45,0
18949,50000,F,school graduate,refuse to answer,32,0
24217,180000,M,school graduate,refuse to answer,27,1
12079,30000,F,school graduate,refuse to answer,46,0
9089,50000,M,school graduate,refuse to answer,50,0
28604,110000,F,school graduate,refuse to answer,44,1
21560,20000,F,school graduate,refuse to answer,23,0
23030,80000,F,school graduate,refuse to answer,37,0
4471,70000,M,school graduate,refuse to answer,35,0
29079,100000,F,school graduate,refuse to answer,56,0
1020,180000,F,school graduate,refuse to answer,45,0
19343,200000,F,school graduate,refuse to answer,31,0
13826,120000,F,school graduate,refuse to answer,41,0
1444,200000,M,school graduate,refuse to answer,51,0
17577,110000,F,school graduate,refuse to answer,31,0
9974,80000,F,school graduate,refuse to answer,34,0
6390,10000,M,school graduate,refuse to answer,40,0
19387,30000,F,school graduate,refuse to answer,30,0
9898,200000,F,bachelor,married,34,1
14187,120000,M,bachelor,married,51,1
7382,70000,F,bachelor,married,37,1
3606,30000,F,bachelor,single,31,1
24025,140000,M,bachelor,single,25,1
24371,240000,M,bachelor,single,46,1
11441,230000,F,bachelor,single,29,1
6580,50000,F,bachelor,single,25,1
3688,50000,F,bachelor,single,23,1
17047,60000,F,bachelor,single,25,1
5318,80000,F,bachelor,single,23,1
8670,310000,M,bachelor,married,42,1
20798,90000,M,bachelor,married,44,1
15173,30000,F,bachelor,single,23,1
21601,50000,F,bachelor,single,23,1
2538,160000,M,bachelor,married,26,1
12598,150000,F,bachelor,married,30,1
1042,230000,F,bachelor,single,52,1
15428,360000,M,bachelor,married,30,1
7926,50000,M,bachelor,single,36,1
22091,320000,F,bachelor,married,28,1
16040,200000,F,bachelor,married,31,1
27474,150000,M,bachelor,married,51,1
13804,20000,M,bachelor,single,39,1
21169,110000,M,bachelor,married,45,1
28308,80000,F,bachelor,single,31,1
2738,240000,F,bachelor,married,47,1
2001,10000,M,bachelor,single,22,1
19255,300000,F,bachelor,married,39,1
23126,110000,F,bachelor,married,46,1
23692,20000,F,bachelor,married,54,1
5854,50000,F,bachelor,single,26,1
17451,100000,F,bachelor,married,38,1
27593,50000,F,bachelor,married,29,1
24970,80000,M,bachelor,single,36,1
20742,50000,M,bachelor,married,44,1
12084,30000,F,bachelor,single,42,1
6807,100000,M,bachelor,single,25,1
9528,50000,F,bachelor,married,33,1
26151,50000,F,bachelor,married,34,1
22537,130000,F,bachelor,married,48,1
16975,60000,F,bachelor,single,29,1
10099,50000,F,bachelor,married,30,1
4076,60000,F,bachelor,married,34,1
11666,200000,F,bachelor,single,34,1
6894,370000,F,bachelor,single,29,1
29243,50000,M,bachelor,single,24,1
895,240000,F,bachelor,married,37,1
10333,200000,M,bachelor,married,41,1
8420,110000,M,bachelor,married,46,1
4839,50000,F,bachelor,single,22,1
4125,60000,F,bachelor,single,43,1
7793,20000,F,bachelor,married,22,1
20629,200000,M,bachelor,single,33,1
24488,20000,M,bachelor,married,34,1
23905,20000,M,bachelor,single,22,1
7667,20000,M,bachelor,single,43,1
6927,60000,F,bachelor,single,24,1
10751,20000,M,bachelor,married,38,1
19443,360000,F,bachelor,single,37,1
3899,70000,F,bachelor,single,25,1
10522,100000,M,bachelor,married,51,1
19785,150000,F,bachelor,single,36,1
21939,90000,F,bachelor,single,27,1
16627,150000,M,bachelor,single,32,1
19105,30000,F,bachelor,married,39,1
26466,140000,F,bachelor,single,50,1
18250,50000,M,bachelor,married,47,1
2446,200000,M,bachelor,single,25,1
29519,120000,M,bachelor,single,38,1
25648,130000,F,bachelor,married,47,1
9992,30000,F,bachelor,married,47,1
6557,20000,M,bachelor,single,22,1
12554,90000,F,bachelor,single,27,1
12239,20000,F,bachelor,single,22,1
22849,70000,F,bachelor,single,46,1
15727,20000,F,bachelor,married,22,1
4993,80000,M,bachelor,married,36,1
13073,160000,F,bachelor,married,41,1
18918,60000,F,bachelor,single,28,1
21510,30000,F,bachelor,married,23,1
4391,10000,F,bachelor,single,21,1
10033,200000,M,bachelor,single,27,1
2004,50000,F,bachelor,single,33,1
17863,10000,M,bachelor,married,26,1
26750,60000,M,bachelor,single,27,1
22412,20000,F,bachelor,single,35,1
16520,420000,M,bachelor,single,26,1
6876,30000,F,bachelor,single,23,1
21419,60000,F,bachelor,married,27,1
16571,20000,M,bachelor,single,23,1
12766,360000,F,bachelor,married,27,1
10116,10000,M,bachelor,single,24,1
14928,50000,M,bachelor,single,25,1
19706,100000,F,bachelor,married,47,1
11029,210000,M,bachelor,single,24,1
4918,160000,F,bachelor,married,35,1
11474,70000,M,bachelor,married,26,1
14481,50000,M,bachelor,married,29,1
15984,50000,F,bachelor,married,31,1
16157,20000,F,bachelor,married,25,1
2078,150000,M,bachelor,married,55,1
29555,20000,M,bachelor,married,32,1
24525,140000,M,bachelor,single,41,1
10389,10000,M,bachelor,single,22,1
17497,80000,F,bachelor,married,28,1
8930,10000,M,bachelor,single,29,1
20984,20000,M,bachelor,single,34,1
24103,50000,M,bachelor,married,29,1
25505,220000,F,bachelor,single,28,1
20820,170000,M,bachelor,married,38,1
23758,290000,F,bachelor,married,49,1
7131,130000,M,bachelor,married,44,1
16609,90000,M,bachelor,single,29,1
9124,100000,F,bachelor,married,38,1
22473,200000,F,bachelor,married,39,1
13675,30000,M,bachelor,single,35,1
17304,20000,F,bachelor,married,37,1
24466,80000,M,bachelor,single,32,1
15793,30000,F,bachelor,single,23,1
524,140000,F,bachelor,married,42,1
27585,110000,M,bachelor,single,51,1
10140,80000,F,bachelor,single,27,1
23149,100000,F,bachelor,married,41,1
24927,50000,M,bachelor,single,44,1
11465,30000,F,bachelor,married,22,1
21004,200000,M,bachelor,single,32,1
20368,20000,M,bachelor,single,23,1
8324,20000,M,bachelor,married,39,1
13772,100000,F,bachelor,single,23,1
12189,100000,M,bachelor,married,30,1
10999,30000,F,bachelor,married,22,1
6488,80000,F,bachelor,married,26,1
19522,80000,F,bachelor,married,28,1
27487,30000,M,bachelor,married,57,1
2707,30000,M,bachelor,married,47,1
24256,140000,M,bachelor,single,30,1
22287,20000,F,bachelor,married,30,1
20172,120000,F,bachelor,single,39,1
14942,100000,F,bachelor,married,39,1
29895,210000,M,bachelor,married,45,1
9429,50000,F,bachelor,married,29,1
7516,340000,F,bachelor,single,38,1
29669,70000,M,bachelor,married,42,1
16156,300000,F,bachelor,married,43,1
23733,280000,F,bachelor,married,56,1
18384,50000,F,bachelor,single,22,1
6380,70000,F,bachelor,married,27,1
4230,30000,F,bachelor,married,49,1
7491,20000,M,bachelor,married,36,1
12086,420000,M,bachelor,married,34,1
2422,20000,F,bachelor,married,24,1
21836,50000,F,bachelor,married,22,1
16756,70000,M,bachelor,married,35,1
16001,20000,F,bachelor,NaN,44,1
17130,80000,F,bachelor,single,24,1
2391,180000,M,bachelor,single,29,1
26610,20000,M,bachelor,single,23,1
29310,140000,M,bachelor,single,26,1
16098,30000,F,bachelor,married,42,1
14294,160000,F,bachelor,married,47,1
16303,20000,F,bachelor,married,36,1
6313,260000,M,bachelor,single,29,1
12235,110000,M,bachelor,married,30,1
10327,20000,M,bachelor,single,22,1
13236,50000,F,bachelor,married,55,1
16248,50000,F,bachelor,married,38,1
1333,160000,F,bachelor,married,38,1
25511,100000,F,bachelor,single,24,1
1183,90000,F,bachelor,married,55,1
12018,50000,F,bachelor,married,47,1
6335,70000,F,bachelor,married,33,1
27111,130000,M,bachelor,married,37,1
17265,240000,F,bachelor,married,46,1
9308,30000,F,bachelor,single,28,1
25743,190000,F,bachelor,single,40,1
2168,400000,M,bachelor,married,49,1
28375,80000,F,bachelor,married,36,1
27050,200000,M,bachelor,married,35,1
10355,30000,M,bachelor,single,25,1
26447,80000,F,bachelor,married,50,1
28110,60000,F,bachelor,married,39,1
20914,20000,M,bachelor,single,26,1
1105,20000,F,bachelor,married,35,1
2545,20000,M,bachelor,single,25,1
20679,90000,M,bachelor,married,47,1
12973,30000,F,bachelor,married,27,1
26971,20000,M,bachelor,married,35,1
27721,140000,F,bachelor,married,24,1
3458,280000,M,bachelor,married,46,1
15427,60000,M,bachelor,single,38,1
7251,160000,F,bachelor,single,23,1
24741,160000,M,bachelor,married,33,1
10842,40000,F,bachelor,married,36,1
26174,10000,F,bachelor,single,46,1
24346,200000,M,bachelor,married,45,1
21421,50000,F,bachelor,single,27,1
5049,80000,M,bachelor,single,30,1
6015,50000,F,bachelor,married,25,1
18738,50000,F,bachelor,married,25,1
16247,40000,F,bachelor,married,38,1
15960,50000,F,bachelor,married,34,1
5427,50000,F,bachelor,married,49,1
17483,250000,F,bachelor,married,33,1
5598,30000,F,bachelor,married,52,1
29139,70000,F,bachelor,married,51,1
12122,40000,M,bachelor,single,27,1
25414,50000,F,bachelor,married,23,1
17308,360000,F,bachelor,single,36,1
3299,230000,F,bachelor,single,26,1
15280,20000,F,bachelor,married,46,1
29177,240000,F,bachelor,married,56,1
20152,20000,F,bachelor,married,48,1
6730,390000,F,bachelor,married,43,1
10713,290000,M,bachelor,married,39,1
9839,150000,F,bachelor,married,29,1
24391,50000,M,bachelor,married,33,1
15156,200000,F,bachelor,single,22,1
7646,50000,F,bachelor,single,36,1
10150,200000,F,bachelor,married,41,1
4883,50000,M,bachelor,single,29,1
16293,30000,F,bachelor,married,38,1
27607,60000,F,bachelor,married,24,1
21652,10000,F,bachelor,single,26,1
19553,80000,F,bachelor,married,37,1
11432,80000,F,bachelor,married,49,1
16354,70000,F,bachelor,married,37,1
7213,180000,M,bachelor,married,43,1
750,50000,F,bachelor,single,25,1
21790,220000,F,bachelor,single,26,1
26455,120000,F,bachelor,married,50,1
27689,50000,F,bachelor,single,25,1
2537,260000,F,bachelor,married,36,1
10707,30000,M,bachelor,single,24,1
16923,30000,M,bachelor,married,49,1
3384,110000,F,bachelor,married,36,1
24168,20000,M,bachelor,single,22,1
9585,100000,M,bachelor,married,44,1
24748,210000,M,bachelor,married,37,1
16637,20000,M,bachelor,single,29,1
12197,20000,M,bachelor,single,35,1
12830,340000,M,bachelor,single,44,1
26340,240000,F,bachelor,married,27,1
21111,320000,M,bachelor,married,35,1
18956,50000,F,bachelor,single,23,1
12431,20000,M,bachelor,single,24,1
7092,50000,F,bachelor,single,23,1
19740,50000,F,bachelor,married,46,1
10816,10000,M,bachelor,married,24,1
20528,30000,M,bachelor,single,25,1
13235,130000,F,bachelor,single,35,1
17635,80000,F,bachelor,single,30,1
15112,50000,M,bachelor,married,50,1
20498,20000,M,bachelor,single,24,1
10714,70000,F,bachelor,single,23,1
16191,10000,F,bachelor,single,36,1
16101,50000,F,bachelor,married,30,1
21580,60000,F,bachelor,married,30,1
19570,50000,F,bachelor,married,44,1
15847,100000,F,bachelor,single,26,1
8753,50000,M,bachelor,NaN,36,1
13993,20000,M,bachelor,single,30,1
11863,180000,F,bachelor,single,26,1
25002,260000,M,bachelor,single,35,1
29871,10000,M,bachelor,single,30,1
8822,30000,F,bachelor,single,23,1
16503,20000,M,bachelor,single,24,1
4493,50000,M,bachelor,single,26,1
2609,20000,F,bachelor,married,26,1
20690,30000,M,bachelor,single,40,1
29361,110000,M,bachelor,single,28,1
581,30000,M,bachelor,single,28,1
29181,140000,F,bachelor,married,60,1
29727,60000,M,bachelor,married,36,1
10141,210000,M,bachelor,single,26,1
14315,80000,M,bachelor,married,60,1
7504,30000,F,bachelor,single,23,1
16327,200000,F,bachelor,NaN,40,1
8049,70000,M,bachelor,single,41,1
29975,50000,M,bachelor,married,37,1
19271,30000,F,bachelor,single,43,1
18020,130000,M,bachelor,married,48,1
574,160000,F,bachelor,single,60,1
16595,10000,M,bachelor,single,28,1
10310,60000,M,bachelor,single,42,1
5502,290000,F,bachelor,married,55,1
11297,60000,F,bachelor,single,29,1
7940,140000,M,bachelor,single,24,1
4192,50000,M,bachelor,single,52,1
7607,90000,F,bachelor,single,25,1
22901,30000,F,bachelor,married,35,1
14175,250000,M,bachelor,married,52,1
9371,90000,F,bachelor,married,55,1
23066,150000,F,bachelor,married,41,1
25630,70000,F,bachelor,single,30,1
25286,140000,F,bachelor,single,26,1
7023,100000,M,bachelor,married,44,1
8737,90000,F,bachelor,single,39,1
12030,50000,M,bachelor,single,35,1
19104,50000,F,bachelor,married,40,1
21268,240000,M,bachelor,married,51,1
6122,250000,F,bachelor,married,29,1
6120,50000,F,bachelor,single,24,1
4785,50000,M,bachelor,single,40,1
10702,50000,F,bachelor,married,31,1
8945,100000,F,bachelor,married,42,1
24155,110000,M,bachelor,single,29,1
16460,80000,F,bachelor,married,57,1
29701,20000,M,bachelor,married,32,1
16260,60000,F,bachelor,married,40,1
28461,20000,F,bachelor,married,38,1
23378,550000,F,bachelor,married,32,1
23264,130000,F,bachelor,single,37,1
14919,240000,M,bachelor,single,28,1
26620,10000,M,bachelor,single,23,1
22792,220000,F,bachelor,married,36,1
27426,350000,M,bachelor,married,36,1
13504,10000,F,bachelor,married,29,1
28504,150000,F,bachelor,married,36,1
29867,290000,M,bachelor,single,30,1
5285,80000,M,bachelor,married,36,1
15470,120000,M,bachelor,single,40,1
4863,80000,F,bachelor,married,32,1
20282,30000,F,bachelor,married,50,1
6688,260000,M,bachelor,married,42,1
3902,50000,F,bachelor,single,27,1
23530,220000,F,bachelor,married,35,1
543,30000,F,bachelor,married,36,1
14547,140000,F,bachelor,married,35,1
6105,180000,M,bachelor,married,47,1
29860,190000,M,bachelor,married,42,1
18915,120000,F,bachelor,married,28,1
25922,30000,F,bachelor,single,39,1
5079,50000,F,bachelor,NaN,48,1
28535,60000,F,bachelor,married,31,1
2919,120000,F,bachelor,single,23,1
27524,200000,M,bachelor,married,51,1
22229,200000,F,bachelor,single,31,1
26585,10000,M,bachelor,single,24,1
17907,60000,M,bachelor,single,28,1
19027,80000,F,bachelor,married,29,1
6421,200000,M,bachelor,single,33,1
9219,500000,F,bachelor,married,47,1
25484,100000,F,bachelor,married,28,1
23688,50000,F,bachelor,married,50,1
23125,230000,F,bachelor,single,30,1
21381,50000,M,bachelor,married,54,1
14438,50000,F,bachelor,married,25,1
28286,10000,F,bachelor,single,32,1
18330,70000,F,bachelor,single,23,1
15982,30000,F,bachelor,married,49,0
10883,280000,F,bachelor,single,26,0
7959,320000,F,bachelor,single,33,0
22757,120000,F,bachelor,married,35,0
6431,50000,M,bachelor,single,35,0
12258,320000,F,bachelor,married,36,0
16775,20000,M,bachelor,single,34,0
5700,110000,F,bachelor,single,23,0
16162,140000,F,bachelor,single,32,0
14324,330000,M,bachelor,married,34,0
19928,330000,F,bachelor,married,39,0
4339,150000,F,bachelor,married,50,0
9009,560000,M,bachelor,married,32,0
9713,50000,F,bachelor,single,23,0
23983,130000,M,bachelor,single,25,0
20711,560000,M,bachelor,married,49,0
20746,30000,M,bachelor,single,42,0
21270,90000,M,bachelor,single,52,0
7361,220000,F,bachelor,married,54,0
20406,30000,M,bachelor,single,34,0
23010,90000,F,bachelor,married,43,0
18374,80000,F,bachelor,single,23,0
13829,230000,F,bachelor,single,31,0
24363,40000,M,bachelor,NaN,37,0
14397,420000,F,bachelor,married,40,0
19761,200000,F,bachelor,married,34,0
1180,50000,M,bachelor,single,24,0
19705,20000,F,bachelor,married,31,0
13672,180000,M,bachelor,single,28,0
14681,50000,F,bachelor,single,28,0
9447,200000,F,bachelor,married,29,0
3026,20000,M,bachelor,married,45,0
9901,20000,F,bachelor,married,39,0
6327,80000,F,bachelor,married,35,0
16568,80000,M,bachelor,single,29,0
7306,50000,M,bachelor,NaN,51,0
25229,30000,F,bachelor,single,24,0
16161,250000,F,bachelor,married,40,0
1014,80000,M,bachelor,single,36,0
10634,50000,M,bachelor,single,32,0
597,360000,M,bachelor,single,29,0
9679,80000,F,bachelor,single,23,0
572,50000,F,bachelor,single,23,0
3684,50000,M,bachelor,single,32,0
9410,440000,F,bachelor,married,28,0
11630,110000,F,bachelor,married,48,0
25266,110000,F,bachelor,single,24,0
25917,120000,F,bachelor,married,34,0
24306,280000,M,bachelor,married,37,0
14689,260000,M,bachelor,single,31,0
4706,150000,F,bachelor,NaN,41,0
21663,60000,F,bachelor,single,24,0
10502,50000,F,bachelor,married,37,0
25193,30000,F,bachelor,married,25,0
23281,250000,F,bachelor,married,36,0
11333,20000,F,bachelor,single,23,0
16288,50000,F,bachelor,married,35,0
16285,80000,F,bachelor,single,34,0
29629,150000,M,bachelor,single,29,0
2775,400000,F,bachelor,married,30,0
24463,340000,M,bachelor,married,35,0
18599,60000,F,bachelor,single,27,0
10343,70000,F,bachelor,married,53,0
5676,200000,F,bachelor,single,28,0
17346,130000,F,bachelor,married,34,0
23891,50000,M,bachelor,married,29,0
4647,140000,M,bachelor,single,50,0
23927,110000,M,bachelor,single,26,0
5681,220000,F,bachelor,single,36,0
3909,50000,M,bachelor,single,24,0
9362,60000,F,bachelor,single,29,0
8401,100000,F,bachelor,single,32,0
18668,310000,F,bachelor,married,25,0
8541,230000,F,bachelor,married,28,0
24716,100000,M,bachelor,married,38,0
5019,90000,M,bachelor,single,26,0
1708,310000,F,bachelor,married,29,0
17400,60000,F,bachelor,single,36,0
15206,160000,F,bachelor,married,29,0
29853,500000,M,bachelor,married,44,0
17637,360000,F,bachelor,married,33,0
9370,360000,F,bachelor,single,25,0
26992,80000,M,bachelor,single,31,0
2271,70000,F,bachelor,single,23,0
4268,200000,M,bachelor,married,33,0
9705,190000,F,bachelor,married,34,0
25833,230000,F,bachelor,married,35,0
3423,80000,M,bachelor,single,35,0
21625,20000,F,bachelor,single,24,0
5641,210000,M,bachelor,single,34,0
23785,210000,F,bachelor,married,56,0
15370,140000,F,bachelor,married,45,0
17571,320000,F,bachelor,married,40,0
9259,20000,F,bachelor,single,21,0
12373,240000,F,bachelor,married,55,0
1635,170000,F,bachelor,married,50,0
8477,50000,M,bachelor,single,31,0
9405,110000,F,bachelor,single,23,0
8124,390000,F,bachelor,married,41,0
25300,30000,F,bachelor,single,23,0
20331,230000,F,bachelor,married,54,0
3229,50000,F,bachelor,married,26,0
1177,50000,F,bachelor,single,35,0
15187,80000,F,bachelor,single,24,0
1692,290000,F,bachelor,single,54,0
4210,480000,F,bachelor,single,30,0
15308,140000,F,bachelor,single,42,0
21953,280000,F,bachelor,married,27,0
21781,50000,F,bachelor,single,25,0
5120,500000,F,bachelor,married,47,0
26942,360000,M,bachelor,married,39,0
13342,70000,F,bachelor,single,30,0
13810,20000,M,bachelor,single,23,0
18277,200000,M,bachelor,married,55,0
19163,290000,F,bachelor,married,47,0
17444,30000,F,bachelor,married,38,0
2771,90000,F,bachelor,single,23,0
25959,160000,F,bachelor,single,30,0
688,170000,F,bachelor,single,27,0
24070,70000,M,bachelor,single,26,0
28637,380000,F,bachelor,married,37,0
20751,230000,M,bachelor,married,36,0
24115,300000,M,bachelor,married,29,0
4289,100000,F,bachelor,single,25,0
23838,360000,F,bachelor,single,54,0
18762,240000,F,bachelor,single,29,0
15845,50000,F,bachelor,married,25,0
19784,290000,F,bachelor,married,35,0
12251,340000,F,bachelor,married,39,0
9381,170000,M,bachelor,single,27,0
24074,100000,M,bachelor,married,28,0
13417,500000,F,bachelor,single,33,0
18511,50000,F,bachelor,married,23,0
14879,30000,F,bachelor,married,53,0
6420,30000,F,bachelor,single,27,0
10779,120000,M,bachelor,married,26,0
25940,150000,F,bachelor,married,36,0
3051,160000,M,bachelor,single,26,0
22834,170000,F,bachelor,married,39,0
5332,20000,F,bachelor,NaN,52,0
7410,80000,M,bachelor,married,48,0
3717,230000,F,bachelor,single,30,0
9454,80000,M,bachelor,married,45,0
3728,120000,F,bachelor,single,24,0
14634,50000,M,bachelor,single,25,0
6418,50000,M,bachelor,single,25,0
4735,420000,M,bachelor,married,43,0
23707,410000,F,bachelor,married,50,0
24150,30000,M,bachelor,single,27,0
21991,50000,F,bachelor,single,29,0
22289,80000,F,master,single,30,1
12972,240000,F,master,single,29,1
654,450000,F,master,married,42,1
18114,240000,M,master,married,36,1
26122,380000,F,master,married,36,1
2563,140000,M,master,married,40,1
553,50000,M,master,married,56,1
6230,260000,F,master,single,29,1
11081,360000,M,master,single,31,1
14569,80000,F,master,single,34,1
9871,110000,F,master,single,37,1
4739,100000,M,master,single,33,1
1004,360000,M,master,single,36,1
24040,50000,M,master,single,27,1
14708,30000,M,master,single,30,1
29918,30000,M,master,single,33,1
2188,30000,M,master,married,57,1
16220,180000,F,master,single,44,1
7328,180000,F,master,single,27,1
9012,300000,F,master,single,48,1
10595,310000,F,master,married,34,1
10406,310000,M,master,single,29,1
26072,230000,F,master,single,33,1
17960,80000,M,master,single,33,1
29486,180000,M,master,married,32,1
5035,50000,F,master,single,23,1
6036,280000,M,master,married,45,1
9148,50000,M,master,single,27,1
4175,140000,F,master,single,34,1
2501,330000,M,master,married,34,1
26766,180000,M,master,single,26,1
1937,20000,F,master,single,24,1
26507,100000,F,master,married,52,1
14271,160000,F,master,married,40,1
17310,100000,F,master,married,42,1
20425,200000,M,master,married,27,1
9620,310000,M,master,single,37,1
28183,360000,F,master,single,33,1
22386,140000,F,master,single,29,1
3491,80000,M,master,married,45,1
27375,20000,M,master,single,34,1
1844,20000,M,master,single,41,1
5237,190000,F,master,married,39,1
23507,260000,F,master,single,33,1
22863,150000,F,master,single,31,1
29595,210000,M,master,married,44,1
21775,20000,F,master,single,24,1
3104,260000,F,master,single,29,1
3825,240000,F,master,married,34,1
1718,170000,M,master,single,37,1
20283,50000,F,master,married,50,1
12139,50000,F,master,single,25,1
28921,360000,F,master,single,33,1
17365,50000,F,master,married,43,1
658,190000,F,master,single,28,1
24446,140000,M,master,NaN,41,1
28776,120000,F,master,married,42,1
9955,70000,M,master,single,29,1
10350,20000,M,master,married,35,1
15891,30000,F,master,single,22,1
18673,20000,F,master,single,23,1
11654,30000,F,master,single,23,1
9446,20000,M,master,single,35,1
3195,20000,F,master,single,38,1
25739,180000,F,master,single,34,1
5693,50000,F,master,single,25,1
22390,310000,F,master,married,32,1
15036,200000,M,master,married,38,1
13306,270000,M,master,married,37,1
6875,10000,M,master,single,22,1
15586,500000,M,master,married,50,1
19926,80000,F,master,single,34,1
5349,220000,M,master,single,28,1
5816,30000,F,master,married,24,1
10488,170000,F,master,married,33,1
8249,140000,F,master,single,28,1
4671,500000,M,master,married,43,1
23620,150000,F,master,single,34,1
8642,20000,M,master,single,23,1
17919,120000,M,master,single,33,1
20982,230000,M,master,single,40,1
14064,120000,M,master,single,31,1
23240,330000,F,master,single,44,1
20001,220000,F,master,married,43,1
8143,360000,F,master,married,50,1
10481,130000,M,master,single,27,1
1045,20000,F,master,single,22,1
2404,320000,M,master,single,32,1
17024,70000,F,master,single,23,1
17180,50000,F,master,single,28,1
18445,20000,F,master,single,26,1
3074,360000,M,master,single,30,1
47,20000,F,master,single,22,1
2689,290000,F,master,single,30,1
12085,60000,M,master,single,27,1
9590,170000,F,master,single,30,1
18523,100000,F,master,single,26,1
21952,170000,F,master,single,27,1
12795,190000,M,master,single,31,1
8176,200000,M,master,single,31,1
27196,310000,M,master,married,33,1
10331,90000,F,master,single,32,1
10664,50000,F,master,married,36,1
11644,80000,F,master,married,34,1
13370,150000,M,master,married,31,1
10066,100000,M,master,single,27,1
11672,110000,M,master,married,56,1
14873,30000,M,master,married,40,1
20061,160000,F,master,married,43,1
16979,100000,F,master,married,30,1
4901,320000,F,master,single,28,1
14340,390000,M,master,married,36,1
14573,130000,M,master,married,34,1
19523,50000,F,master,single,28,1
5706,80000,M,master,single,28,1
17562,50000,F,master,married,35,1
12195,40000,M,master,single,25,1
18701,70000,F,master,single,25,1
27486,300000,M,master,married,58,1
16295,110000,F,master,married,44,1
5181,340000,F,master,single,47,1
25875,170000,F,master,married,35,1
15147,70000,F,master,single,23,1
24916,200000,M,master,NaN,47,1
14865,180000,F,master,married,39,1
7759,220000,M,master,single,32,1
2140,260000,M,master,married,43,1
4531,140000,F,master,single,31,1
13045,230000,M,master,married,39,1
12964,50000,F,master,single,28,1
17645,230000,F,master,married,44,1
8090,20000,M,master,single,24,1
5145,50000,M,master,single,23,1
25973,200000,F,master,single,31,1
9414,100000,F,master,married,39,1
26035,230000,F,master,married,30,1
8809,80000,F,master,single,25,1
29437,140000,M,master,single,28,1
6183,70000,F,master,single,24,1
20968,150000,M,master,married,38,1
23418,140000,F,master,married,40,1
19641,60000,F,master,single,32,1
12656,350000,F,master,single,24,1
9090,180000,F,master,single,31,1
14310,50000,F,master,single,22,1
12319,20000,F,master,single,27,1
670,20000,F,master,married,30,1
7228,410000,M,master,married,34,1
13855,360000,F,master,married,30,1
4946,20000,F,master,single,24,1
9965,200000,F,master,single,29,1
1965,150000,F,master,married,38,1
21892,70000,F,master,single,26,1
29824,220000,M,master,married,42,1
466,230000,M,master,married,59,1
21727,50000,F,master,single,22,1
19311,360000,F,master,single,33,1
3072,180000,F,master,single,28,1
7057,100000,M,master,single,29,1
8868,150000,F,master,married,30,1
17847,200000,M,master,single,26,1
12071,140000,F,master,married,41,1
17181,150000,F,master,single,28,1
11296,130000,F,master,single,30,1
8658,80000,F,master,single,26,1
3004,50000,M,master,married,41,1
1084,50000,F,master,single,25,1
10891,110000,F,master,married,32,1
4278,360000,F,master,single,29,1
8455,80000,F,master,single,29,1
10697,20000,M,master,single,26,1
8173,500000,M,master,single,43,1
12330,60000,F,master,single,36,1
9941,160000,M,master,married,51,1
15213,360000,F,master,single,27,1
12514,500000,F,master,married,52,0
123,110000,F,master,married,48,0
27879,100000,F,master,single,29,0
23075,210000,F,master,single,31,0
1200,360000,M,master,married,36,0
27977,180000,F,master,married,27,0
11291,50000,F,master,single,43,0
24955,180000,M,master,single,29,0
10701,150000,F,master,single,27,0
22236,180000,F,master,single,29,0
3560,200000,F,master,single,33,0
18945,200000,F,master,married,30,0
10902,210000,F,master,married,32,0
13970,210000,F,master,married,38,0
6936,200000,M,master,married,41,0
10188,170000,M,master,single,27,0
16421,320000,F,master,single,32,0
12853,330000,M,master,single,33,0
19676,340000,F,master,single,37,0
8274,80000,M,master,single,28,0
21829,270000,F,master,single,27,0
25790,150000,F,master,married,35,0
6527,20000,F,master,single,24,0
22820,500000,F,master,single,37,0
23191,340000,F,master,married,36,0
10131,470000,M,master,married,38,0
25696,270000,F,master,single,34,0
1389,220000,M,master,married,39,0
13743,90000,F,master,married,38,0
5566,240000,F,master,married,43,0
4558,160000,F,master,married,39,0
12093,220000,M,master,single,31,0
1338,290000,F,master,single,31,0
28425,220000,F,master,single,31,0
24293,280000,M,master,single,30,0
27303,500000,M,master,married,31,0
4644,500000,F,master,married,37,0
2389,390000,M,master,married,47,0
9682,460000,F,master,single,36,0
1804,20000,F,master,single,31,0
25354,30000,F,master,married,23,0
15315,150000,F,master,married,37,0
2717,70000,F,master,single,24,0
14788,500000,M,master,single,31,0
26732,70000,M,master,single,24,0
15869,220000,F,master,single,28,0
4152,320000,F,master,married,34,0
573,350000,M,master,single,33,0
28628,210000,F,master,single,31,0
27235,240000,M,master,married,35,0
27903,60000,F,master,single,25,0
23658,400000,F,master,married,37,0
26810,220000,M,master,single,32,0
8230,500000,M,master,married,42,0
6662,190000,F,master,married,33,0
8569,220000,M,master,married,50,0
19306,230000,F,master,single,31,0
14722,170000,F,master,single,37,0
5857,180000,F,master,single,31,0
22032,300000,F,master,single,28,0
23567,340000,F,master,single,37,0
12341,210000,F,master,single,26,0
22886,240000,F,master,married,31,0
12352,250000,F,master,married,32,0
2619,80000,F,master,single,27,0
27594,50000,F,master,married,29,0
27287,200000,M,master,married,34,0
12550,70000,M,master,single,26,0
1746,50000,F,master,single,22,0
26212,180000,F,master,married,29,0
15381,390000,F,master,single,30,0
10053,70000,M,master,single,26,0
10192,240000,F,master,married,33,0
3375,420000,M,master,married,34,0
24453,290000,M,master,single,31,0
2406,50000,F,school graduate,single,43,1
6630,30000,F,school graduate,married,44,1
29248,70000,M,school graduate,single,25,1
25852,100000,F,school graduate,married,43,1
29250,20000,M,school graduate,single,25,1
16300,10000,F,school graduate,single,45,1
8782,360000,M,school graduate,single,30,1
14043,110000,F,school graduate,single,27,1
17905,20000,M,school graduate,single,29,1
1264,150000,F,school graduate,married,43,1
27264,470000,M,school graduate,single,37,1
27499,500000,M,school graduate,married,55,1
12279,20000,M,school graduate,married,47,1
20473,80000,M,school graduate,married,34,1
28116,110000,F,school graduate,single,43,1
9866,100000,F,school graduate,married,50,1
26128,200000,F,school graduate,married,44,1
17824,30000,M,school graduate,single,25,1
4615,180000,M,school graduate,married,27,1
27244,180000,M,school graduate,married,37,1
2118,20000,M,school graduate,single,43,1
9695,20000,M,school graduate,single,23,1
18065,50000,M,school graduate,married,41,1
3336,30000,F,school graduate,married,41,1
7284,50000,M,school graduate,married,54,1
29109,50000,F,school graduate,single,57,1
20385,90000,M,school graduate,single,23,1
15384,20000,F,school graduate,married,45,1
16480,20000,F,school graduate,married,56,1
17909,130000,M,school graduate,married,34,1
4953,360000,F,school graduate,single,36,1
10598,100000,M,school graduate,married,30,1
18383,50000,F,school graduate,single,22,1
26729,50000,M,school graduate,single,24,1
27218,10000,M,school graduate,single,42,1
6751,30000,F,school graduate,married,46,1
388,80000,M,school graduate,married,73,1
15120,20000,M,school graduate,married,56,1
23822,60000,F,school graduate,married,50,1
17313,60000,F,school graduate,married,48,1
12925,30000,F,school graduate,married,21,1
29521,50000,M,school graduate,single,34,1
6616,60000,M,school graduate,single,34,1
8812,10000,F,school graduate,married,49,1
6522,60000,F,school graduate,single,24,1
9626,20000,M,school graduate,single,24,1
11369,180000,F,school graduate,married,63,1
26616,50000,M,school graduate,single,22,1
14352,440000,M,school graduate,married,38,1
6479,50000,M,school graduate,single,29,1
6582,240000,M,school graduate,married,40,1
3928,240000,F,school graduate,single,40,1
647,60000,M,school graduate,married,31,1
12889,70000,M,school graduate,married,69,1
16872,30000,M,school graduate,single,31,1
27523,200000,M,school graduate,married,54,1
6513,360000,M,school graduate,single,34,1
15600,90000,M,school graduate,married,56,1
14742,50000,M,school graduate,single,31,1
24200,220000,M,school graduate,married,30,1
15275,170000,F,school graduate,single,29,1
16462,20000,F,school graduate,single,50,1
200,30000,F,school graduate,single,22,1
15476,50000,M,school graduate,married,46,1
23760,140000,F,school graduate,married,50,1
26289,20000,F,school graduate,single,47,1
12959,50000,M,school graduate,single,23,1
29291,50000,M,school graduate,single,26,1
13540,440000,M,school graduate,married,47,1
16650,50000,M,school graduate,married,46,1
11728,130000,F,school graduate,married,26,1
25110,50000,M,school graduate,married,50,1
12526,327680,M,school graduate,single,42,1
11960,30000,F,school graduate,married,35,1
3739,360000,F,school graduate,married,29,1
16138,50000,F,school graduate,married,36,1
5150,30000,M,school graduate,single,29,1
28656,50000,F,school graduate,married,44,1
21339,20000,M,school graduate,single,53,1
29943,130000,M,school graduate,married,45,1
8702,340000,F,school graduate,single,46,1
8363,50000,F,school graduate,married,52,1
4694,70000,F,school graduate,married,33,1
15672,80000,M,school graduate,married,31,1
836,30000,F,school graduate,single,53,1
25851,300000,F,school graduate,married,32,1
19638,50000,F,school graduate,married,49,1
26581,360000,F,school graduate,NaN,58,0
14071,250000,F,school graduate,single,29,0
6699,190000,M,school graduate,married,29,0
21287,110000,M,school graduate,married,57,0
16400,100000,F,school graduate,single,39,0
28784,20000,F,school graduate,single,44,0
10771,50000,F,school graduate,single,22,0
24295,300000,M,school graduate,married,35,0
11627,90000,F,school graduate,single,23,0
17663,500000,F,school graduate,single,46,0
25128,50000,M,school graduate,married,50,0
25537,50000,F,school graduate,married,35,0
29617,280000,M,school graduate,married,45,0
20045,20000,F,school graduate,married,35,0
7300,90000,F,school graduate,married,49,0
7572,220000,F,school graduate,married,25,0
25703,200000,F,school graduate,refuse to answer,45,0
5273,140000,M,school graduate,married,32,0
1636,80000,M,school graduate,single,29,0
28272,130000,F,school graduate,married,38,0
3225,130000,F,school graduate,married,25,0
3572,190000,M,school graduate,married,37,0
26783,280000,M,school graduate,single,30,0
24428,130000,M,school graduate,single,30,0
27948,30000,F,school graduate,single,28,0
14530,240000,M,school graduate,married,38,0
6206,490000,M,school graduate,married,28,0
4636,50000,M,school graduate,single,28,0
8317,320000,F,school graduate,single,45,0
2396,110000,F,school graduate,married,27,0
6008,190000,F,school graduate,married,56,0
7177,340000,M,school graduate,married,29,0
26465,50000,F,school graduate,single,51,0
20666,190000,M,school graduate,married,41,0
14836,80000,F,school graduate,single,38,0
28658,50000,F,school graduate,married,46,0
27465,70000,M,school graduate,married,50,0
24968,260000,M,other,married,47,0
25124,500000,M,other,married,53,0
20544,160000,M,other,single,33,0
20185,200000,F,other,single,29,0
1370,310000,F,other,married,35,0
11784,20000,F,other,single,23,0
5409,60000,F,other,single,33,0
29840,150000,M,other,married,36,0
12559,50000,F,other,married,29,0
16791,250000,M,other,married,39,0
21173,400000,M,other,single,40,0
24550,150000,M,other,married,40,0
29967,150000,M,other,single,31,1
15908,110000,F,other,single,32,0
24902,210000,M,other,married,31,0
25470,150000,F,other,married,34,0
29489,100000,M,other,married,45,0
24159,20000,M,other,single,28,0
19621,50000,F,other,married,33,0
19147,210000,F,other,married,41,0
22040,90000,F,other,single,24,0
29444,240000,M,other,married,27,0
12320,240000,F,other,married,34,0
22729,150000,F,other,married,38,0
21930,130000,F,other,married,27,0
8671,260000,F,other,married,33,0
9047,30000,F,other,married,53,0
11155,10000,F,other,single,24,0
17322,260000,F,other,married,33,0
16948,30000,M,other,married,56,0
21093,260000,M,other,married,42,0
6469,340000,F,other,married,27,0
8663,440000,F,other,married,32,0
7412,50000,F,other,married,32,0
22874,230000,F,other,married,39,0
20977,240000,M,other,married,40,0
20335,440000,F,other,married,64,0
2670,10000,M,other,married,43,1
17476,150000,F,other,single,36,0
22720,290000,F,other,single,35,0
23621,100000,F,other,single,34,0
21852,80000,F,other,single,27,0
5278,210000,F,other,married,35,0
19339,200000,F,other,single,48,0
18500,70000,F,other,married,26,0
26547,500000,F,other,married,54,0
21007,20000,M,other,married,28,0
4483,20000,M,other,single,50,0
25326,200000,F,other,married,27,0
13593,160000,F,other,married,52,0
17803,80000,M,other,single,24,0
6502,180000,F,other,married,54,0
22401,260000,F,other,married,28,0
28891,50000,F,other,married,33,0
27145,160000,M,other,single,40,0
9724,230000,M,other,married,42,0
5271,20000,F,other,single,37,0
11931,10000,F,other,single,21,0
10720,140000,M,other,single,26,0
1266,80000,F,other,single,27,0
22810,200000,F,elementary education,single,40,0
19016,300000,F,elementary education,married,48,0
19377,500000,F,elementary education,single,38,0
4371,200000,F,elementary education,single,25,0
23468,230000,F,elementary education,single,30,0
1491,130000,F,elementary education,single,28,0
24826,460000,M,elementary education,married,35,0
24771,330000,M,elementary education,married,33,0
11373,20000,F,elementary education,single,22,0
13692,260000,F,elementary education,single,33,0
4997,180000,F,elementary education,married,34,0
22527,250000,F,elementary education,married,43,0
19711,300000,F,elementary education,married,41,0
5443,150000,M,elementary education,single,30,0
28111,220000,F,elementary education,married,35,0
16281,500000,F,elementary education,married,32,0
23019,190000,F,elementary education,married,34,0
7798,130000,F,elementary education,single,47,0
17600,500000,F,elementary education,married,39,0
20566,170000,M,elementary education,single,30,0
26198,280000,F,elementary education,single,29,0
28334,230000,F,elementary education,single,34,0
21413,180000,F,elementary education,single,26,0
20280,280000,F,elementary education,married,50,0
12715,150000,M,elementary education,married,41,0
16482,240000,F,elementary education,married,59,0
22320,200000,F,elementary education,single,27,0
23272,290000,F,elementary education,married,49,0
4576,50000,M,elementary education,single,22,0
28619,270000,F,elementary education,single,42,0
6877,360000,M,PhD,single,30,0
23235,220000,F,PhD,married,35,0
14632,350000,F,PhD,single,53,0
27156,160000,M,PhD,married,47,0
15108,210000,M,PhD,single,45,0
16882,100000,M,PhD,single,37,0
3770,290000,F,PhD,single,38,0
24138,150000,M,PhD,single,28,0
27271,250000,M,PhD,married,35,0
16897,200000,M,PhD,single,40,0
5946,270000,M,PhD,single,39,0
17415,230000,F,PhD,single,47,0
20031,200000,F,PhD,single,30,0
19921,50000,F,PhD,married,40,0
16,50000,F,school graduate,NaN,23,0
52,100000,F,school graduate,NaN,43,0
81,470000,F,school graduate,NaN,33,0
240,140000,F,bachelor,NaN,41,1
374,30000,M,school graduate,NaN,54,0
402,60000,F,school graduate,NaN,42,0
465,170000,F,school graduate,NaN,56,0
503,230000,F,NaN,single,46,0
505,30000,M,NaN,married,53,0
532,50000,M,bachelor,NaN,30,0
630,200000,F,school graduate,NaN,45,0
681,110000,F,bachelor,NaN,45,0
704,50000,F,bachelor,NaN,30,1
705,30000,F,bachelor,NaN,22,0
711,50000,M,master,NaN,49,0
811,120000,F,master,NaN,44,0
848,50000,M,bachelor,NaN,42,1
871,20000,F,bachelor,NaN,52,0
897,110000,M,master,NaN,55,1
899,90000,F,school graduate,NaN,51,1
974,150000,F,master,NaN,30,0
1021,70000,M,master,NaN,57,0
1035,60000,F,bachelor,NaN,39,0
1074,360000,M,NaN,married,66,0
1272,10000,F,bachelor,NaN,46,0
1457,50000,F,school graduate,NaN,43,0
1486,20000,F,bachelor,NaN,44,1
1553,20000,F,school graduate,NaN,47,0
1582,20000,M,school graduate,NaN,47,0
1617,20000,M,bachelor,NaN,35,1
1672,50000,F,bachelor,NaN,51,0
1832,270000,M,NaN,single,32,0
1847,50000,M,bachelor,NaN,53,0
2143,70000,F,school graduate,NaN,49,1
2291,10000,M,school graduate,NaN,54,0
2320,30000,F,school graduate,NaN,60,0
2346,20000,M,school graduate,NaN,46,0
2413,30000,M,bachelor,NaN,50,1
2594,90000,F,NaN,single,49,0
2790,50000,M,master,NaN,25,1
2801,20000,M,school graduate,NaN,46,0
2837,240000,F,bachelor,NaN,39,0
2850,50000,M,master,NaN,37,0
2894,70000,F,bachelor,NaN,24,0
2995,120000,M,bachelor,NaN,38,0
3000,50000,F,bachelor,NaN,52,0
3168,360000,F,bachelor,NaN,37,0
3318,200000,M,master,NaN,29,0
3437,80000,M,bachelor,NaN,58,0
3446,80000,F,school graduate,NaN,31,0
3462,60000,F,bachelor,NaN,35,0
3593,20000,F,school graduate,NaN,51,1
3668,180000,F,NaN,married,35,0
3701,50000,F,master,NaN,48,0
3705,20000,F,master,NaN,22,1
3897,30000,F,NaN,married,49,0
3945,50000,M,school graduate,NaN,45,0
3995,200000,M,master,NaN,43,0
4100,450000,F,NaN,married,51,0
4170,60000,M,bachelor,NaN,46,1
4264,30000,F,school graduate,NaN,52,1
4338,140000,F,bachelor,NaN,30,0
4425,250000,F,school graduate,NaN,49,0
4433,30000,F,school graduate,NaN,42,0
4473,130000,M,school graduate,NaN,52,1
4487,50000,M,master,NaN,45,0
4495,10000,M,school graduate,NaN,42,1
4624,50000,M,bachelor,NaN,41,0
4706,150000,F,bachelor,NaN,41,0
4810,500000,M,school graduate,NaN,53,0
4816,50000,M,bachelor,NaN,37,0
4830,10000,F,school graduate,NaN,48,0
4875,210000,F,bachelor,NaN,52,0
5079,50000,F,bachelor,NaN,48,1
5106,80000,M,bachelor,NaN,45,0
5107,20000,F,other,NaN,35,0
5175,80000,F,school graduate,NaN,29,0
5257,260000,F,school graduate,NaN,55,0
5281,10000,M,bachelor,NaN,37,0
5288,200000,F,bachelor,NaN,57,0
5332,20000,F,bachelor,NaN,52,0
5366,50000,M,school graduate,NaN,55,1
5413,50000,M,bachelor,NaN,49,0
5454,50000,M,bachelor,NaN,53,0
5473,20000,F,school graduate,NaN,55,1
5707,350000,F,master,NaN,48,0
5727,120000,F,bachelor,NaN,37,1
5731,50000,F,bachelor,NaN,37,0
5769,320000,M,master,NaN,32,0
5807,150000,F,bachelor,NaN,26,0
5837,90000,F,bachelor,NaN,36,0
5908,80000,M,bachelor,NaN,39,0
6019,20000,M,school graduate,NaN,57,0
6166,360000,F,bachelor,NaN,42,0
6340,200000,F,bachelor,NaN,35,0
6439,110000,F,bachelor,NaN,54,0
6517,10000,F,bachelor,NaN,38,0
6561,120000,F,bachelor,NaN,43,0
6588,280000,F,NaN,NaN,38,0
6605,20000,F,school graduate,NaN,27,0
6704,30000,M,master,NaN,27,0
6864,60000,F,school graduate,NaN,48,0
6869,80000,F,NaN,single,25,0
6887,50000,F,school graduate,NaN,55,0
6925,50000,F,bachelor,NaN,49,0
6934,50000,M,school graduate,NaN,59,0
6961,50000,M,bachelor,NaN,34,0
7026,90000,M,bachelor,NaN,40,1
7060,50000,F,bachelor,NaN,30,0
7076,50000,F,school graduate,NaN,43,0
7255,60000,M,school graduate,NaN,43,0
7306,50000,M,bachelor,NaN,51,0
7312,80000,F,bachelor,NaN,30,0
7343,20000,F,master,NaN,51,0
7432,110000,F,master,NaN,33,0
7601,20000,F,bachelor,NaN,46,0
7626,20000,F,school graduate,NaN,48,0
7640,20000,M,school graduate,NaN,48,1
7682,60000,F,bachelor,NaN,64,1
7752,90000,F,bachelor,NaN,40,0
7786,100000,M,school graduate,NaN,48,1
8032,130000,F,bachelor,NaN,38,0
8146,120000,M,bachelor,NaN,42,0
8374,20000,F,bachelor,NaN,47,0
8588,50000,F,bachelor,NaN,33,0
8753,50000,M,bachelor,NaN,36,1
8826,20000,F,school graduate,NaN,39,0
8961,50000,F,school graduate,NaN,45,0
9168,20000,F,school graduate,NaN,56,1
9192,350000,F,bachelor,NaN,44,0
9217,150000,M,bachelor,NaN,25,1
9503,80000,F,bachelor,NaN,52,0
9561,110000,F,bachelor,NaN,27,0
9605,290000,M,master,NaN,55,1
10221,60000,M,master,NaN,47,0
10225,80000,F,school graduate,NaN,60,0
10265,20000,M,master,NaN,47,0
10342,240000,M,master,NaN,65,0
10358,190000,F,NaN,married,48,0
10491,50000,F,NaN,single,33,0
10547,30000,F,school graduate,NaN,56,1
10897,60000,F,bachelor,NaN,39,0
11072,450000,M,master,NaN,37,0
11076,50000,M,school graduate,NaN,45,0
11141,180000,F,school graduate,NaN,40,0
11312,260000,F,bachelor,NaN,38,0
11435,220000,F,bachelor,NaN,50,0
11520,10000,M,master,NaN,46,1
11615,180000,F,bachelor,NaN,52,0
11725,20000,M,NaN,single,27,0
11757,30000,M,bachelor,NaN,45,0
11766,90000,M,school graduate,NaN,34,0
11794,30000,F,school graduate,NaN,26,1
11849,60000,F,NaN,married,39,0
12027,20000,F,bachelor,NaN,52,1
12038,80000,F,NaN,single,51,0
12097,50000,M,school graduate,NaN,55,0
12129,50000,M,bachelor,NaN,46,1
12144,20000,F,school graduate,NaN,41,0
12365,100000,F,school graduate,NaN,47,0
12396,70000,F,school graduate,NaN,51,0
12495,290000,F,master,NaN,29,1
12602,40000,M,bachelor,NaN,41,0
12632,60000,F,bachelor,NaN,28,0
12638,100000,M,master,NaN,48,1
12657,70000,M,bachelor,NaN,34,0
12665,50000,F,NaN,married,45,0
12683,30000,F,bachelor,NaN,41,0
12820,50000,F,bachelor,NaN,47,0
12828,30000,M,bachelor,NaN,49,0
12975,150000,F,master,NaN,55,0
13085,190000,F,bachelor,NaN,29,0
13149,10000,M,NaN,single,47,0
13227,20000,F,school graduate,NaN,53,0
13286,100000,F,school graduate,NaN,43,0
13321,50000,F,bachelor,NaN,46,0
13363,50000,M,bachelor,NaN,37,0
13467,30000,M,school graduate,NaN,45,0
13479,30000,M,bachelor,NaN,43,1
13510,30000,F,school graduate,NaN,48,0
13555,140000,M,master,NaN,59,0
13615,70000,F,school graduate,NaN,39,0
13691,60000,F,school graduate,NaN,53,0
13761,480000,M,NaN,single,49,0
13947,100000,M,NaN,single,51,0
14125,90000,M,NaN,married,57,0
14152,20000,F,school graduate,NaN,43,0
14172,50000,M,bachelor,NaN,35,1
14190,30000,M,bachelor,NaN,27,0
14265,70000,F,bachelor,NaN,42,0
14273,60000,F,bachelor,NaN,49,1
14278,20000,F,bachelor,NaN,47,0
14302,50000,M,school graduate,NaN,58,0
14442,260000,M,master,NaN,41,0
14457,210000,M,bachelor,NaN,27,0
14458,10000,M,bachelor,NaN,28,1
14531,30000,M,bachelor,NaN,44,1
14567,200000,M,master,NaN,50,1
14588,130000,M,school graduate,NaN,40,0
14638,10000,F,school graduate,NaN,52,1
14649,30000,F,bachelor,NaN,22,0
14790,50000,M,bachelor,NaN,41,0
14889,450000,F,master,NaN,37,0
14906,90000,F,NaN,NaN,46,0
15052,200000,M,master,NaN,45,0
15078,50000,M,NaN,married,45,0
15096,500000,M,master,NaN,38,1
15117,50000,M,master,NaN,51,0
15227,130000,F,NaN,married,44,1
15296,30000,F,bachelor,NaN,41,1
15327,130000,F,school graduate,NaN,43,0
15351,50000,F,school graduate,NaN,37,1
15388,30000,F,NaN,married,45,0
15417,350000,F,master,NaN,53,0
15759,20000,F,master,NaN,22,1
15787,50000,F,bachelor,NaN,24,0
15968,30000,F,bachelor,NaN,35,1
16001,20000,F,bachelor,NaN,44,1
16029,50000,F,school graduate,NaN,43,1
16050,110000,F,school graduate,NaN,37,0
16122,20000,F,bachelor,NaN,30,1
16226,50000,F,bachelor,NaN,34,1
16243,360000,F,master,NaN,35,0
16302,20000,F,school graduate,NaN,32,0
16314,70000,F,bachelor,NaN,45,0
16327,200000,F,bachelor,NaN,40,1
16574,50000,M,bachelor,NaN,30,0
16697,50000,M,school graduate,NaN,44,0
16716,300000,M,NaN,married,46,0
16719,20000,M,school graduate,NaN,46,0
16767,50000,M,bachelor,NaN,34,0
16821,20000,M,NaN,single,41,0
16851,230000,M,bachelor,NaN,37,0
16926,30000,M,school graduate,NaN,52,1
16942,20000,M,school graduate,NaN,59,1
17233,10000,F,bachelor,NaN,46,1
17327,90000,F,bachelor,NaN,36,0
17491,50000,F,bachelor,NaN,39,0
17522,150000,F,NaN,married,47,0
17753,150000,F,bachelor,NaN,54,0
17766,20000,F,bachelor,NaN,56,0
17773,70000,F,school graduate,NaN,58,0
17783,60000,F,school graduate,NaN,64,0
17935,150000,M,master,NaN,45,0
17971,120000,M,bachelor,NaN,48,0
17989,50000,M,bachelor,NaN,48,1
18137,50000,M,master,NaN,37,0
18214,300000,M,master,NaN,50,1
18218,50000,M,bachelor,NaN,52,0
18272,30000,M,bachelor,NaN,58,0
18274,70000,M,bachelor,NaN,47,1
18340,20000,F,NaN,single,22,1
18693,130000,F,bachelor,NaN,25,1
19031,50000,F,school graduate,NaN,49,0
19092,50000,F,bachelor,NaN,31,1
19456,100000,F,master,NaN,47,0
19661,20000,F,school graduate,NaN,44,1
19982,180000,F,bachelor,NaN,43,0
20051,10000,F,bachelor,NaN,43,0
20109,50000,F,bachelor,NaN,42,0
20227,200000,F,NaN,single,51,0
20239,30000,F,school graduate,NaN,61,0
20293,80000,F,school graduate,NaN,52,0
20664,20000,M,school graduate,NaN,44,1
20678,90000,M,school graduate,NaN,40,1
20717,210000,M,bachelor,NaN,39,0
20747,50000,M,bachelor,NaN,41,0
20810,30000,M,NaN,single,49,0
20844,540000,M,NaN,single,49,0
20973,20000,M,bachelor,NaN,48,0
21126,30000,M,bachelor,NaN,40,0
21179,20000,M,bachelor,NaN,49,1
21208,360000,M,bachelor,NaN,32,0
21264,50000,M,school graduate,NaN,55,0
21315,50000,M,school graduate,NaN,52,1
21337,200000,M,NaN,married,66,0
21341,20000,M,school graduate,NaN,57,0
21360,70000,M,master,NaN,57,0
21402,120000,F,bachelor,NaN,59,1
22119,80000,F,bachelor,NaN,29,0
22121,60000,F,bachelor,NaN,29,0
22165,150000,F,master,NaN,30,0
22452,90000,F,bachelor,NaN,36,0
22453,50000,F,bachelor,NaN,44,0
22462,150000,F,NaN,single,40,1
22496,50000,F,school graduate,NaN,46,0
22519,30000,F,school graduate,NaN,40,0
22588,80000,F,school graduate,NaN,48,0
22601,180000,F,NaN,single,47,1
22778,140000,F,bachelor,NaN,30,0
22784,160000,F,school graduate,NaN,36,0
22806,30000,F,bachelor,NaN,45,1
22815,50000,F,bachelor,NaN,44,0
22999,150000,F,elementary education,NaN,49,0
23407,60000,F,bachelor,NaN,34,0
23410,200000,F,NaN,married,43,0
23449,30000,F,NaN,single,45,0
23673,130000,F,bachelor,NaN,48,0
23697,100000,F,school graduate,NaN,51,1
23784,30000,F,bachelor,NaN,54,0
23809,30000,F,bachelor,NaN,54,0
23839,50000,F,school graduate,NaN,53,1
23928,20000,M,NaN,single,21,0
23938,150000,M,elementary education,NaN,27,0
24009,20000,M,school graduate,NaN,23,0
24051,370000,M,NaN,married,28,0
24091,130000,M,NaN,married,37,0
24336,50000,M,bachelor,NaN,37,0
24363,40000,M,bachelor,NaN,37,0
24393,80000,M,NaN,married,41,1
24446,140000,M,master,NaN,41,1
24755,50000,M,bachelor,NaN,41,1
24916,200000,M,master,NaN,47,1
24996,160000,M,NaN,married,44,0
25587,60000,F,bachelor,NaN,33,1
25597,190000,F,master,NaN,35,0
25599,50000,F,school graduate,NaN,43,0
25602,200000,F,other,NaN,40,0
25808,340000,F,bachelor,NaN,35,0
25848,320000,F,elementary education,NaN,32,0
25874,60000,F,bachelor,NaN,39,1
25969,50000,F,bachelor,NaN,45,0
26286,230000,F,school graduate,NaN,48,0
26317,100000,F,NaN,married,29,0
26368,180000,F,bachelor,NaN,48,1
26532,30000,F,NaN,married,59,0
26552,80000,F,bachelor,NaN,59,1
26559,50000,F,school graduate,NaN,51,1
26581,360000,F,school graduate,NaN,58,0
26815,400000,M,master,NaN,31,0
26926,130000,M,bachelor,NaN,34,1
27043,80000,M,bachelor,NaN,40,0
27113,260000,M,NaN,married,48,1
27204,280000,M,school graduate,NaN,42,0
27291,240000,M,bachelor,NaN,35,0
27318,70000,M,school graduate,NaN,47,0
27382,200000,M,school graduate,NaN,48,0
27403,20000,M,bachelor,NaN,37,0
27406,100000,M,other,NaN,44,0
27470,100000,M,NaN,single,51,0
27502,80000,M,NaN,married,54,1
27527,30000,M,bachelor,NaN,53,1
27538,20000,M,bachelor,NaN,53,0
27565,30000,M,NaN,married,53,1
27582,70000,M,school graduate,NaN,61,0
27885,160000,F,bachelor,NaN,27,0
28009,240000,F,master,NaN,29,0
28080,150000,F,bachelor,NaN,48,0
28191,80000,F,school graduate,NaN,43,0
28341,20000,F,school graduate,NaN,40,1
28346,280000,F,bachelor,NaN,40,0
28444,80000,F,bachelor,NaN,36,0
28505,50000,F,school graduate,NaN,46,0
28551,50000,F,bachelor,NaN,34,0
28717,340000,F,master,NaN,42,0
28737,140000,F,bachelor,NaN,28,1
28753,180000,F,bachelor,NaN,41,0
28781,370000,F,NaN,married,48,0
28848,50000,F,school graduate,NaN,46,0
28853,180000,F,NaN,married,48,0
28861,140000,F,master,NaN,48,0
29053,10000,F,bachelor,NaN,52,1
29195,130000,M,bachelor,NaN,22,0
29203,10000,M,school graduate,NaN,22,1
29220,20000,M,bachelor,NaN,25,0
29283,80000,F,master,NaN,25,0
29341,20000,M,NaN,single,27,0
29510,200000,M,bachelor,NaN,41,0
29613,20000,M,bachelor,NaN,47,1
29746,20000,M,bachelor,NaN,40,0
29837,180000,M,NaN,married,34,0
29932,60000,M,bachelor,NaN,41,0
